{
    "down under": {
        "database_key": "down under (song)"
    },
    "ohio": {
        "database_key": "ohio (crosby, stills, nash & young song)"
    },
    "changes": {
        "database_key": "changes (tupac shakur song)"
    },
    "weapon of choice": {
        "database_key": "weapon of choice (song)"
    },
    "i like it": {
        "database_key": "i like it (cardi b, bad bunny and j balvin song)"
    },
    "nightcall": {
        "database_key": "nightcall (song)"
    },
    "oops!... i did it again": {
        "database_key": "oops!... i did it again (song)"
    },
    "physical": {
        "database_key": "physical (olivia newton-john song)"
    },
    "on": {
        "database_key": "on (song)"
    },
    "kings & queens": {
        "database_key": "kings & queens (ava max song)"
    },
    "forever young": {
        "database_key": "forever young (alphaville song)"
    },
    "summer breeze": {
        "database_key": "summer breeze (song)"
    },
    "somebody to love": {
        "database_key": "somebody to love (queen song)"
    },
    "valerie": {
        "database_key": "valerie (zutons song)"
    },
    "heaven": {
        "database_key": "heaven (bryan adams song)"
    },
    "money for nothing": {
        "database_key": "money for nothing (song)"
    },
    "snuff": {
        "database_key": "snuff (song)"
    },
    "god's plan": {
        "database_key": "god's plan (song)"
    },
    "music": {
        "database_key": "music (madonna song)"
    },
    "fuck you": {
        "database_key": "fuck you (ceelo green song)"
    },
    "death bed": {
        "database_key": "death bed (coffee for your head)"
    },
    "hallelujah": {
        "database_key": "hallelujah (leonard cohen song)"
    },
    "against all odds": {
        "database_key": "against all odds (take a look at me now)"
    },
    "rockstar": {
        "database_key": "rockstar (nickelback song)"
    },
    "ameno": {
        "database_key": "ameno (song)"
    },
    "danger zone": {
        "database_key": "danger zone (song)"
    },
    "say so": {
        "database_key": "say so (doja cat song)"
    },
    "once in a lifetime": {
        "database_key": "once in a lifetime (talking heads song)"
    },
    "fake love": {
        "database_key": "fake love (bts song)"
    },
    "oh yeah": {
        "database_key": "oh yeah (yello song)"
    },
    "one of us": {
        "database_key": "one of us (joan osborne song)"
    },
    "electric avenue": {
        "database_key": "electric avenue (song)"
    },
    "yeah!": {
        "database_key": "yeah! (usher song)"
    },
    "escape": {
        "database_key": "escape (the pi\u00f1a colada song)"
    },
    "addicted to love": {
        "database_key": "addicted to love (song)"
    },
    "numb": {
        "database_key": "numb (linkin park song)"
    },
    "ocean eyes": {
        "database_key": "ocean eyes (song)"
    },
    "toxic": {
        "database_key": "toxic (song)"
    },
    "smile": {
        "database_key": "smile (katy perry song)"
    },
    "sign of the times": {
        "database_key": "sign of the times (harry styles song)"
    },
    "who's laughing now": {
        "database_key": "who's laughing now (ava max song)"
    },
    "american pie": {
        "database_key": "american pie (song)"
    },
    "teenage dream": {
        "database_key": "teenage dream (katy perry song)"
    },
    "one kiss": {
        "database_key": "one kiss (song)"
    },
    "you spin me round": {
        "database_key": "you spin me round (like a record)"
    },
    "call me": {
        "database_key": "call me (blondie song)"
    },
    "fantasy": {
        "database_key": "fantasy (mariah carey song)"
    },
    "true colors": {
        "database_key": "true colors (cyndi lauper song)"
    },
    "coconut": {
        "database_key": "coconut (song)"
    },
    "s&m": {
        "database_key": "s&m (song)"
    },
    "white flag": {
        "database_key": "white flag (dido song)"
    },
    "loser": {
        "database_key": "loser (beck song)"
    },
    "vincent": {
        "database_key": "vincent (don mclean song)"
    },
    "halo": {
        "database_key": "halo (beyonc\u00e9 song)"
    },
    "lola": {
        "database_key": "lola (song)"
    },
    "like a prayer": {
        "database_key": "like a prayer (song)"
    },
    "rain on me": {
        "database_key": "rain on me (lady gaga and ariana grande song)"
    },
    "boulevard of broken dreams": {
        "database_key": "boulevard of broken dreams (green day song)"
    },
    "desert rose": {
        "database_key": "desert rose (sting song)"
    },
    "psycho": {
        "database_key": "psycho (red velvet song)"
    },
    "dreams": {
        "database_key": "dreams (fleetwood mac song)"
    },
    "all of me": {
        "database_key": "all of me (john legend song)"
    },
    "my neck, my back": {
        "database_key": "my neck, my back (lick it)"
    },
    "this is america": {
        "database_key": "this is america (song)"
    },
    "truth hurts": {
        "database_key": "truth hurts (song)"
    },
    "creep": {
        "database_key": "creep (radiohead song)"
    },
    "bad guy": {
        "database_key": "bad guy (billie eilish song)"
    },
    "islands in the stream": {
        "database_key": "islands in the stream (song)"
    },
    "it's my life": {
        "database_key": "it's my life (talk talk song)"
    },
    "save the day": {
        "database_key": "save the day (mariah carey song)"
    },
    "alice": {
        "database_key": "alice (lady gaga song)"
    },
    "mickey": {
        "database_key": "mickey (song)"
    },
    "i miss you": {
        "database_key": "i miss you (blink-182 song)"
    },
    "dusk till dawn": {
        "database_key": "dusk till dawn (zayn song)"
    },
    "pompeii": {
        "database_key": "pompeii (song)"
    },
    "cherry bomb": {
        "database_key": "cherry bomb (the runaways song)"
    },
    "runaway train": {
        "database_key": "runaway train (soul asylum song)"
    },
    "alone": {
        "database_key": "alone (i-ten song)"
    },
    "mull of kintyre": {
        "database_key": "mull of kintyre (song)"
    },
    "hello": {
        "database_key": "hello (adele song)"
    },
    "diamonds": {
        "database_key": "diamonds (rihanna song)"
    },
    "scream": {
        "database_key": "scream (michael jackson and janet jackson song)"
    },
    "born to run": {
        "database_key": "born to run (bruce springsteen song)"
    },
    "little girls": {
        "database_key": "little girls (oingo boingo song)"
    },
    "echoes": {
        "database_key": "echoes (pink floyd song)"
    },
    "crank that": {
        "database_key": "crank that (soulja boy)"
    },
    "all star": {
        "database_key": "all star (song)"
    },
    "ashes to ashes": {
        "database_key": "ashes to ashes (david bowie song)"
    },
    "taki taki": {
        "database_key": "taki taki (song)"
    },
    "wait for it": {
        "database_key": "wait for it (song)"
    },
    "...baby one more time": {
        "database_key": "...baby one more time (song)"
    },
    "goodbye yellow brick road": {
        "database_key": "goodbye yellow brick road (song)"
    },
    "man on the moon": {
        "database_key": "man on the moon (song)"
    },
    "the boy is mine": {
        "database_key": "the boy is mine (song)"
    },
    "landslide": {
        "database_key": "landslide (fleetwood mac song)"
    },
    "yummy": {
        "database_key": "yummy (justin bieber song)"
    },
    "formation": {
        "database_key": "formation (song)"
    },
    "betty": {
        "database_key": "betty (taylor swift song)"
    },
    "circles": {
        "database_key": "circles (post malone song)"
    },
    "white wedding": {
        "database_key": "white wedding (song)"
    },
    "flashing lights": {
        "database_key": "flashing lights (kanye west song)"
    },
    "mia khalifa": {
        "database_key": "mia khalifa (song)"
    },
    "daddy cool": {
        "database_key": "daddy cool (boney m. song)"
    },
    "the power of love": {
        "database_key": "the power of love (jennifer rush song)"
    },
    "bobby brown": {
        "database_key": "bobby brown (song)"
    },
    "ghetto qu'ran": {
        "database_key": "ghetto qu'ran (forgive me)"
    },
    "tennessee whiskey": {
        "database_key": "tennessee whiskey (song)"
    },
    "lover": {
        "database_key": "lover (taylor swift song)"
    },
    "9 to 5": {
        "database_key": "9 to 5 (dolly parton song)"
    },
    "electric love": {
        "database_key": "electric love (song)"
    },
    "true faith": {
        "database_key": "true faith (song)"
    },
    "one more time": {
        "database_key": "one more time (daft punk song)"
    },
    "be happy": {
        "database_key": "be happy (dixie d'amelio song)"
    },
    "kokomo": {
        "database_key": "kokomo (song)"
    },
    "paranoid": {
        "database_key": "paranoid (black sabbath song)"
    },
    "who let the dogs out": {
        "database_key": "who let the dogs out (song)"
    },
    "last friday night": {
        "database_key": "last friday night (t.g.i.f.)"
    },
    "lithium": {
        "database_key": "lithium (nirvana song)"
    },
    "sorry": {
        "database_key": "sorry (justin bieber song)"
    },
    "motivation": {
        "database_key": "motivation (normani song)"
    },
    "the rose": {
        "database_key": "the rose (song)"
    },
    "relax": {
        "database_key": "relax (song)"
    },
    "slide away": {
        "database_key": "slide away (miley cyrus song)"
    },
    "barracuda": {
        "database_key": "barracuda (song)"
    },
    "telephone": {
        "database_key": "telephone (song)"
    },
    "kiss me": {
        "database_key": "kiss me (sixpence none the richer song)"
    },
    "i ran": {
        "database_key": "i ran (so far away)"
    },
    "toy soldiers": {
        "database_key": "toy soldiers (song)"
    },
    "ego death": {
        "database_key": "ego death (song)"
    },
    "brothers in arms": {
        "database_key": "brothers in arms (song)"
    },
    "bad blood": {
        "database_key": "bad blood (taylor swift song)"
    },
    "real love": {
        "database_key": "real love (beatles song)"
    },
    "chandelier": {
        "database_key": "chandelier (song)"
    },
    "hero": {
        "database_key": "hero (mariah carey song)"
    },
    "war": {
        "database_key": "war (the temptations song)"
    },
    "sabotage": {
        "database_key": "sabotage (song)"
    },
    "kill this love": {
        "database_key": "kill this love (song)"
    },
    "like a virgin": {
        "database_key": "like a virgin (song)"
    },
    "informer": {
        "database_key": "informer (song)"
    },
    "baby": {
        "database_key": "baby (justin bieber song)"
    },
    "e.t.": {
        "database_key": "e.t. (song)"
    },
    "father and son": {
        "database_key": "father and son (song)"
    },
    "thank you": {
        "database_key": "thank you (dido song)"
    },
    "black parade": {
        "database_key": "black parade (song)"
    },
    "mad about you": {
        "database_key": "mad about you (belinda carlisle song)"
    },
    "iris": {
        "database_key": "iris (song)"
    },
    "closer": {
        "database_key": "closer (nine inch nails song)"
    },
    "come & go": {
        "database_key": "come & go (juice wrld and marshmello song)"
    },
    "the reaper": {
        "database_key": "(don't fear) the reaper"
    },
    "back in black": {
        "database_key": "back in black (song)"
    },
    "thriller": {
        "database_key": "thriller (song)"
    },
    "when we were young": {
        "database_key": "when we were young (adele song)"
    },
    "september": {
        "database_key": "september (earth, wind & fire song)"
    },
    "dream on": {
        "database_key": "dream on (aerosmith song)"
    },
    "the man": {
        "database_key": "the man (taylor swift song)"
    },
    "intentions": {
        "database_key": "intentions (justin bieber song)"
    },
    "bang bang": {
        "database_key": "bang bang (jessie j, ariana grande and nicki minaj song)"
    },
    "black swan": {
        "database_key": "black swan (song)"
    },
    "un dia": {
        "database_key": "un dia (one day)"
    },
    "the one that got away": {
        "database_key": "the one that got away (katy perry song)"
    },
    "royals": {
        "database_key": "royals (song)"
    },
    "bloody valentine": {
        "database_key": "bloody valentine (song)"
    },
    "turn the page": {
        "database_key": "turn the page (bob seger song)"
    },
    "power": {
        "database_key": "power (kanye west song)"
    },
    "endless love": {
        "database_key": "endless love (song)"
    },
    "the gambler": {
        "database_key": "the gambler (song)"
    },
    "thunderstruck": {
        "database_key": "thunderstruck (song)"
    },
    "happy": {
        "database_key": "happy (pharrell williams song)"
    },
    "it's the end of the world as we know it": {
        "database_key": "it's the end of the world as we know it (and i feel fine)"
    },
    "wrecking ball": {
        "database_key": "wrecking ball (miley cyrus song)"
    },
    "style": {
        "database_key": "style (taylor swift song)"
    },
    "greece": {
        "database_key": "greece (song)"
    },
    "fight the power": {
        "database_key": "fight the power (public enemy song)"
    },
    "one more light": {
        "database_key": "one more light (song)"
    },
    "la grange": {
        "database_key": "la grange (song)"
    },
    "cocaine": {
        "database_key": "cocaine (song)"
    },
    "levels": {
        "database_key": "levels (avicii song)"
    },
    "heartless": {
        "database_key": "heartless (the weeknd song)"
    },
    "call on me": {
        "database_key": "call on me (eric prydz song)"
    },
    "ice cream": {
        "database_key": "ice cream (blackpink and selena gomez song)"
    },
    "chop suey!": {
        "database_key": "chop suey! (song)"
    },
    "this is me": {
        "database_key": "this is me (the greatest showman song)"
    },
    "radioactive": {
        "database_key": "radioactive (imagine dragons song)"
    },
    "i'll be there for you": {
        "database_key": "i'll be there for you (the rembrandts song)"
    },
    "jolene": {
        "database_key": "jolene (song)"
    },
    "roses": {
        "database_key": "roses (saint jhn song)"
    },
    "before you go": {
        "database_key": "before you go (lewis capaldi song)"
    },
    "died in your arms": {
        "database_key": "(i just) died in your arms"
    },
    "the neverending story": {
        "database_key": "the neverending story (song)"
    },
    "fight for your right": {
        "database_key": "(you gotta) fight for your right (to party!)"
    },
    "eight": {
        "database_key": "eight (song)"
    },
    "kiss and make up": {
        "database_key": "kiss and make up (dua lipa and blackpink song)"
    },
    "go west": {
        "database_key": "go west (song)"
    },
    "bridge over troubled water": {
        "database_key": "bridge over troubled water (song)"
    },
    "i'll be there": {
        "database_key": "i'll be there (jackson 5 song)"
    },
    "fireflies": {
        "database_key": "fireflies (owl city song)"
    },
    "the reynolds pamphlet": {
        "database_key": "the reynolds pamphlet (song)"
    },
    "rooster": {
        "database_key": "rooster (song)"
    },
    "rocket man": {
        "database_key": "rocket man (song)"
    },
    "like that": {
        "database_key": "like that (doja cat song)"
    },
    "delicate": {
        "database_key": "delicate (taylor swift song)"
    },
    "ily": {
        "database_key": "ily (i love you baby)"
    },
    "china girl": {
        "database_key": "china girl (song)"
    },
    "heart of glass": {
        "database_key": "heart of glass (song)"
    },
    "copacabana": {
        "database_key": "copacabana (song)"
    },
    "walking on sunshine": {
        "database_key": "walking on sunshine (katrina and the waves song)"
    },
    "high hopes": {
        "database_key": "high hopes (panic! at the disco song)"
    },
    "tkn": {
        "database_key": "tkn (song)"
    },
    "stan": {
        "database_key": "stan (song)"
    },
    "time after time": {
        "database_key": "time after time (cyndi lauper song)"
    },
    "rhiannon": {
        "database_key": "rhiannon (song)"
    },
    "baker street": {
        "database_key": "baker street (song)"
    },
    "cardigan": {
        "database_key": "cardigan (song)"
    },
    "just the way you are": {
        "database_key": "just the way you are (billy joel song)"
    },
    "the ketchup song": {
        "database_key": "the ketchup song (aserej\u00e9)"
    },
    "polly": {
        "database_key": "polly (nirvana song)"
    },
    "famous": {
        "database_key": "famous (kanye west song)"
    },
    "butterfly": {
        "database_key": "butterfly (smile.dk song)"
    },
    "wind of change": {
        "database_key": "wind of change (scorpions song)"
    },
    "dark horse": {
        "database_key": "dark horse (katy perry song)"
    },
    "lady": {
        "database_key": "lady (hear me tonight)"
    },
    "dragula": {
        "database_key": "dragula (song)"
    },
    "falling": {
        "database_key": "falling (harry styles song)"
    },
    "everybody": {
        "database_key": "everybody (backstreet's back)"
    },
    "past life": {
        "database_key": "past life (trevor daniel song)"
    },
    "titanium": {
        "database_key": "titanium (song)"
    },
    "born this way": {
        "database_key": "born this way (song)"
    },
    "levitating": {
        "database_key": "levitating (song)"
    },
    "born in the u.s.a.": {
        "database_key": "born in the u.s.a. (song)"
    },
    "vogue": {
        "database_key": "vogue (madonna song)"
    },
    "waka waka": {
        "database_key": "waka waka (this time for africa)"
    },
    "shout": {
        "database_key": "shout (tears for fears song)"
    },
    "how deep is your love": {
        "database_key": "how deep is your love (bee gees song)"
    },
    "the prayer": {
        "database_key": "the prayer (celine dion and andrea bocelli song)"
    },
    "our house": {
        "database_key": "our house (madness song)"
    },
    "dare": {
        "database_key": "dare (song)"
    },
    "reflection": {
        "database_key": "reflection (song)"
    },
    "jump": {
        "database_key": "jump (van halen song)"
    },
    "black dog": {
        "database_key": "black dog (song)"
    },
    "without you": {
        "database_key": "without you (badfinger song)"
    },
    "husavik": {
        "database_key": "husavik (song)"
    },
    "ironic": {
        "database_key": "ironic (song)"
    },
    "kids": {
        "database_key": "kids (mgmt song)"
    },
    "i'm ready": {
        "database_key": "i'm ready (sam smith and demi lovato song)"
    },
    "december, 1963": {
        "database_key": "december, 1963 (oh, what a night)"
    },
    "y.m.c.a.": {
        "database_key": "y.m.c.a. (song)"
    },
    "godzilla": {
        "database_key": "godzilla (eminem song)"
    },
    "believe": {
        "database_key": "believe (cher song)"
    },
    "friday": {
        "database_key": "friday (rebecca black song)"
    },
    "maniac": {
        "database_key": "maniac (michael sembello song)"
    },
    "happier": {
        "database_key": "happier (marshmello and bastille song)"
    },
    "lemon": {
        "database_key": "lemon (kenshi yonezu song)"
    },
    "beautiful": {
        "database_key": "beautiful (christina aguilera song)"
    },
    "the message": {
        "database_key": "the message (grandmaster flash and the furious five song)"
    },
    "shape of my heart": {
        "database_key": "shape of my heart (sting song)"
    },
    "exile": {
        "database_key": "exile (taylor swift song)"
    },
    "brandy": {
        "database_key": "brandy (you're a fine girl)"
    },
    "whip it": {
        "database_key": "whip it (devo song)"
    },
    "wild world": {
        "database_key": "wild world (song)"
    },
    "teardrop": {
        "database_key": "teardrop (song)"
    },
    "sundown": {
        "database_key": "sundown (gordon lightfoot song)"
    },
    "hallucinate": {
        "database_key": "hallucinate (song)"
    },
    "satisfied": {
        "database_key": "satisfied (hamilton song)"
    },
    "clint eastwood": {
        "database_key": "clint eastwood (song)"
    },
    "memory": {
        "database_key": "memory (cats song)"
    },
    "poker face": {
        "database_key": "poker face (lady gaga song)"
    },
    "closing time": {
        "database_key": "closing time (semisonic song)"
    },
    "skechers": {
        "database_key": "skechers (song)"
    },
    "what's love got to do with it": {
        "database_key": "what's love got to do with it (song)"
    },
    "sweet dreams": {
        "database_key": "sweet dreams (are made of this)"
    },
    "torn": {
        "database_key": "torn (ednaswap song)"
    },
    "perfect": {
        "database_key": "perfect (ed sheeran song)"
    },
    "sour candy": {
        "database_key": "sour candy (lady gaga and blackpink song)"
    },
    "don't you": {
        "database_key": "don't you (forget about me)"
    },
    "the passenger": {
        "database_key": "the passenger (song)"
    },
    "se\u00f1orita": {
        "database_key": "se\u00f1orita (shawn mendes and camila cabello song)"
    },
    "london calling": {
        "database_key": "london calling (song)"
    },
    "911": {
        "database_key": "911 (lady gaga song)"
    },
    "enola gay": {
        "database_key": "enola gay (song)"
    },
    "africa": {
        "database_key": "africa (toto song)"
    },
    "imagine": {
        "database_key": "imagine (john lennon song)"
    },
    "freak": {
        "database_key": "freak (doja cat song)"
    },
    "21 guns": {
        "database_key": "21 guns (song)"
    },
    "\"heroes\"": {
        "database_key": "\"heroes\" (david bowie song)"
    },
    "the scientist": {
        "database_key": "the scientist (song)"
    },
    "highwayman": {
        "database_key": "highwayman (song)"
    },
    "the final countdown": {
        "database_key": "the final countdown (song)"
    },
    "arthur's theme": {
        "database_key": "arthur's theme (best that you can do)"
    },
    "here's to you": {
        "database_key": "here's to you (song)"
    },
    "in your eyes": {
        "database_key": "in your eyes (the weeknd song)"
    },
    "i wanna dance with somebody": {
        "database_key": "i wanna dance with somebody (who loves me)"
    },
    "mary jane": {
        "database_key": "mary jane (all night long)"
    },
    "what's going on": {
        "database_key": "what's going on (marvin gaye song)"
    },
    "hurricane": {
        "database_key": "hurricane (bob dylan song)"
    },
    "we're not gonna take it": {
        "database_key": "we're not gonna take it (twisted sister song)"
    },
    "one": {
        "database_key": "one (u2 song)"
    },
    "life on mars": {
        "database_key": "life on mars (song)"
    },
    "low": {
        "database_key": "low (flo rida song)"
    },
    "faded": {
        "database_key": "faded (alan walker song)"
    },
    "trollz": {
        "database_key": "trollz (song)"
    },
    "kiss": {
        "database_key": "kiss (prince song)"
    },
    "roundabout": {
        "database_key": "roundabout (song)"
    },
    "someone like you": {
        "database_key": "someone like you (adele song)"
    },
    "earth": {
        "database_key": "earth (lil dicky song)"
    },
    "the time of my life": {
        "database_key": "(i've had) the time of my life"
    },
    "ritmo": {
        "database_key": "ritmo (bad boys for life)"
    },
    "rehab": {
        "database_key": "rehab (amy winehouse song)"
    },
    "go crazy": {
        "database_key": "go crazy (chris brown and young thug song)"
    },
    "lovely": {
        "database_key": "lovely (billie eilish and khalid song)"
    },
    "wonderwall": {
        "database_key": "wonderwall (song)"
    },
    "just the two of us": {
        "database_key": "just the two of us (grover washington jr. song)"
    },
    "shia labeouf": {
        "database_key": "shia labeouf (song)"
    },
    "get lucky": {
        "database_key": "get lucky (daft punk song)"
    },
    "who are you": {
        "database_key": "who are you (the who song)"
    },
    "i'd do anything for love": {
        "database_key": "i'd do anything for love (but i won't do that)"
    },
    "sandstorm": {
        "database_key": "sandstorm (instrumental)"
    },
    "californication": {
        "database_key": "californication (song)"
    },
    "beauty and the beast": {
        "database_key": "beauty and the beast (disney song)"
    },
    "roxanne": {
        "database_key": "roxanne (the police song)"
    },
    "the plan": {
        "database_key": "the plan (travis scott song)"
    },
    "god save the queen": {
        "database_key": "god save the queen (sex pistols song)"
    },
    "you get what you give": {
        "database_key": "you get what you give (song)"
    },
    "skyfall": {
        "database_key": "skyfall (adele song)"
    },
    "break my heart": {
        "database_key": "break my heart (dua lipa song)"
    },
    "rosanna": {
        "database_key": "rosanna (song)"
    },
    "a thousand years": {
        "database_key": "a thousand years (christina perri song)"
    },
    "heather": {
        "database_key": "heather (conan gray song)"
    },
    "blue monday": {
        "database_key": "blue monday (new order song)"
    },
    "murder most foul": {
        "database_key": "murder most foul (song)"
    },
    "do it again": {
        "database_key": "do it again (steely dan song)"
    },
    "i'd like to teach the world to sing": {
        "database_key": "i'd like to teach the world to sing (in perfect harmony)"
    },
    "wish you were here": {
        "database_key": "wish you were here (pink floyd song)"
    },
    "scatman": {
        "database_key": "scatman (ski-ba-bop-ba-dop-bop)"
    },
    "say something": {
        "database_key": "say something (kylie minogue song)"
    },
    "shut up and dance": {
        "database_key": "shut up and dance (walk the moon song)"
    },
    "sledgehammer": {
        "database_key": "sledgehammer (peter gabriel song)"
    },
    "1-800-273-8255": {
        "database_key": "1-800-273-8255 (song)"
    },
    "holiday": {
        "database_key": "holiday (little mix song)"
    },
    "crazy": {
        "database_key": "crazy (gnarls barkley song)"
    },
    "do it": {
        "database_key": "do it (chloe x halle song)"
    },
    "cheap thrills": {
        "database_key": "cheap thrills (song)"
    },
    "mamacita": {
        "database_key": "mamacita (black eyed peas, ozuna and j. rey soul song)"
    },
    "easy": {
        "database_key": "easy (commodores song)"
    },
    "sucker": {
        "database_key": "sucker (song)"
    },
    "solsbury hill": {
        "database_key": "solsbury hill (song)"
    },
    "some say": {
        "database_key": "some say (nea song)"
    },
    "der kommissar": {
        "database_key": "der kommissar (song)"
    },
    "killshot": {
        "database_key": "killshot (song)"
    },
    "get it on": {
        "database_key": "get it on (t. rex song)"
    },
    "milkshake": {
        "database_key": "milkshake (song)"
    },
    "ghostbusters": {
        "database_key": "ghostbusters (song)"
    },
    "walk on the wild side": {
        "database_key": "walk on the wild side (lou reed song)"
    },
    "gloria": {
        "database_key": "gloria (umberto tozzi song)"
    },
    "ilomilo": {
        "database_key": "ilomilo (song)"
    },
    "dna": {
        "database_key": "dna (bts song)"
    },
    "havana": {
        "database_key": "havana (camila cabello song)"
    },
    "alejandro": {
        "database_key": "alejandro (song)"
    },
    "yi jian mei": {
        "database_key": "yi jian mei (song)"
    },
    "purple rain": {
        "database_key": "purple rain (song)"
    },
    "roar": {
        "database_key": "roar (song)"
    },
    "iron man": {
        "database_key": "iron man (song)"
    },
    "girlfriend": {
        "database_key": "girlfriend (avril lavigne song)"
    },
    "eternal flame": {
        "database_key": "eternal flame (song)"
    },
    "sugar": {
        "database_key": "sugar (maroon 5 song)"
    },
    "i'm gonna be": {
        "database_key": "i'm gonna be (500 miles)"
    },
    "starboy": {
        "database_key": "starboy (song)"
    },
    "thank u, next": {
        "database_key": "thank u, next (song)"
    },
    "dynamite": {
        "database_key": "dynamite (bts song)"
    },
    "jeremy": {
        "database_key": "jeremy (song)"
    },
    "tik tok": {
        "database_key": "tik tok (song)"
    },
    "1979": {
        "database_key": "1979 (song)"
    },
    "luka": {
        "database_key": "luka (song)"
    },
    "stupid love": {
        "database_key": "stupid love (lady gaga song)"
    },
    "savage love": {
        "database_key": "savage love (laxed \u2013 siren beat)"
    },
    "the unforgiven": {
        "database_key": "the unforgiven (song)"
    },
    "single ladies": {
        "database_key": "single ladies (put a ring on it)"
    },
    "kashmir": {
        "database_key": "kashmir (song)"
    },
    "superstition": {
        "database_key": "superstition (song)"
    },
    "yellow": {
        "database_key": "yellow (coldplay song)"
    },
    "celebration": {
        "database_key": "celebration (kool & the gang song)"
    },
    "black velvet": {
        "database_key": "black velvet (song)"
    },
    "mother's daughter": {
        "database_key": "mother's daughter (song)"
    },
    "let's dance": {
        "database_key": "let's dance (david bowie song)"
    },
    "stronger": {
        "database_key": "stronger (kanye west song)"
    },
    "daniel": {
        "database_key": "daniel (elton john song)"
    },
    "pepper": {
        "database_key": "pepper (song)"
    },
    "lucid dreams": {
        "database_key": "lucid dreams (juice wrld song)"
    },
    "the show must go on": {
        "database_key": "the show must go on (queen song)"
    },
    "cry me a river": {
        "database_key": "cry me a river (justin timberlake song)"
    },
    "waterloo": {
        "database_key": "waterloo (abba song)"
    },
    "i can only imagine": {
        "database_key": "i can only imagine (mercyme song)"
    },
    "wake me up": {
        "database_key": "wake me up (avicii song)"
    },
    "perfect day": {
        "database_key": "perfect day (lou reed song)"
    },
    "diamonds & rust": {
        "database_key": "diamonds & rust (song)"
    },
    "around the world": {
        "database_key": "around the world (la la la la la)"
    },
    "shallow": {
        "database_key": "shallow (lady gaga and bradley cooper song)"
    },
    "just like heaven": {
        "database_key": "just like heaven (song)"
    },
    "the fox": {
        "database_key": "the fox (what does the fox say?)"
    },
    "wagon wheel": {
        "database_key": "wagon wheel (song)"
    },
    "spring day": {
        "database_key": "spring day (song)"
    },
    "adore you": {
        "database_key": "adore you (harry styles song)"
    },
    "hey hey, my my": {
        "database_key": "hey hey, my my (into the black)"
    },
    "alane": {
        "database_key": "alane (song)"
    },
    "legends never die": {
        "database_key": "legends never die (against the current song)"
    },
    "love of my life": {
        "database_key": "love of my life (queen song)"
    },
    "rapture": {
        "database_key": "rapture (blondie song)"
    },
    "how do you sleep?": {
        "database_key": "how do you sleep? (john lennon song)"
    },
    "hurt": {
        "database_key": "hurt (nine inch nails song)"
    },
    "word up!": {
        "database_key": "word up! (song)"
    },
    "wildest dreams": {
        "database_key": "wildest dreams (taylor swift song)"
    },
    "daisies": {
        "database_key": "daisies (song)"
    },
    "when the party's over": {
        "database_key": "when the party's over (song)"
    },
    "caution": {
        "database_key": "caution (the killers song)"
    },
    "let it be": {
        "database_key": "let it be (beatles song)"
    },
    "deutschland": {
        "database_key": "deutschland (song)"
    },
    "i hope": {
        "database_key": "i hope (gabby barrett song)"
    },
    "major tom": {
        "database_key": "major tom (coming home)"
    },
    "umbrella": {
        "database_key": "umbrella (song)"
    },
    "cotton eye joe": {
        "database_key": "cotton eye joe (rednex song)"
    },
    "lighter": {
        "database_key": "lighter (nathan dawe song)"
    },
    "small talk": {
        "database_key": "small talk (song)"
    },
    "the box": {
        "database_key": "the box (roddy ricch song)"
    },
    "self control": {
        "database_key": "self control (raf song)"
    },
    "memories": {
        "database_key": "memories (maroon 5 song)"
    },
    "there she goes": {
        "database_key": "there she goes (the la's song)"
    },
    "the rising": {
        "database_key": "the rising (bruce springsteen song)"
    },
    "wap": {
        "database_key": "wap (song)"
    },
    "i do it for you": {
        "database_key": "(everything i do) i do it for you"
    },
    "blue": {
        "database_key": "blue (da ba dee)"
    },
    "mic drop": {
        "database_key": "mic drop (song)"
    },
    "gimme! gimme! gimme!": {
        "database_key": "gimme! gimme! gimme! (a man after midnight)"
    },
    "without me": {
        "database_key": "without me (halsey song)"
    },
    "paper planes": {
        "database_key": "paper planes (m.i.a. song)"
    },
    "anaconda": {
        "database_key": "anaconda (nicki minaj song)"
    },
    "human nature": {
        "database_key": "human nature (michael jackson song)"
    },
    "only you": {
        "database_key": "only you (yazoo song)"
    },
    "drive": {
        "database_key": "drive (the cars song)"
    },
    "no time to die": {
        "database_key": "no time to die (song)"
    },
    "fernando": {
        "database_key": "fernando (song)"
    },
    "believer": {
        "database_key": "believer (imagine dragons song)"
    },
    "frozen": {
        "database_key": "frozen (madonna song)"
    },
    "times like these": {
        "database_key": "times like these (song)"
    },
    "cult of personality": {
        "database_key": "cult of personality (song)"
    },
    "wuthering heights": {
        "database_key": "wuthering heights (song)"
    },
    "patience": {
        "database_key": "patience (guns n' roses song)"
    },
    "the green manalishi": {
        "database_key": "the green manalishi (with the two prong crown)"
    },
    "come as you are": {
        "database_key": "come as you are (nirvana song)"
    },
    "savage": {
        "database_key": "savage (song)"
    },
    "sunflower": {
        "database_key": "sunflower (post malone and swae lee song)"
    },
    "love story": {
        "database_key": "love story (taylor swift song)"
    },
    "work it": {
        "database_key": "work it (missy elliott song)"
    },
    "bad": {
        "database_key": "bad (michael jackson song)"
    },
    "the way it is": {
        "database_key": "the way it is (song)"
    },
    "lambada": {
        "database_key": "lambada (song)"
    },
    "apologize": {
        "database_key": "apologize (onerepublic song)"
    },
    "into the unknown": {
        "database_key": "into the unknown (disney song)"
    },
    "firework": {
        "database_key": "firework (song)"
    },
    "what's up?": {
        "database_key": "what's up? (4 non blondes song)"
    },
    "piano man": {
        "database_key": "piano man (song)"
    },
    "buddy holly": {
        "database_key": "buddy holly (song)"
    },
    "desperado": {
        "database_key": "desperado (eagles song)"
    },
    "good riddance": {
        "database_key": "good riddance (time of your life)"
    },
    "the boys of summer": {
        "database_key": "the boys of summer (song)"
    },
    "time": {
        "database_key": "time (pink floyd song)"
    },
    "the best": {
        "database_key": "the best (song)"
    },
    "angie": {
        "database_key": "angie (song)"
    },
    "just dance": {
        "database_key": "just dance (song)"
    },
    "lean on me": {
        "database_key": "lean on me (song)"
    },
    "fame": {
        "database_key": "fame (david bowie song)"
    },
    "redbone": {
        "database_key": "redbone (song)"
    },
    "dancing in the dark": {
        "database_key": "dancing in the dark (bruce springsteen song)"
    },
    "rasputin": {
        "database_key": "rasputin (song)"
    },
    "peaches": {
        "database_key": "peaches (justin bieber song)"
    },
    "payphone": {
        "database_key": "payphone (song)"
    },
    "treat you better": {
        "database_key": "treat you better (shawn mendes song)"
    },
    "flowers": {
        "database_key": "flowers (miley cyrus song)"
    },
    "anti-hero": {
        "database_key": "anti-hero (song) "
    },
    "creepin'": {
        "database_key": "creepin' (metro boomin, the weeknd and 21 savage song)"
    },
    "kill bill": {
        "database_key": "kill bill (sza song) "
    },
    "money": {
        "database_key": "money (lisa song)"
    }
}