{
    "stephen glover": {
        "database_key": "stephen glover (screenwriter)"
    },
    "charlotte spencer": {
        "database_key": "charlotte spencer (actress)"
    },
    "bread": {
        "database_key": "bread (band)"
    },
    "scarface": {
        "database_key": "scarface (rapper)"
    },
    "jennifer o'connor": {
        "database_key": "jennifer o'connor (musician)"
    },
    "az": {
        "database_key": "az (rapper)"
    },
    "the game": {
        "database_key": "the game (rapper)"
    },
    "kangnam": {
        "database_key": "kangnam (singer)"
    },
    "billy porter": {
        "database_key": "billy porter (actor)"
    },
    "traffic": {
        "database_key": "traffic (band)"
    },
    "saffron": {
        "database_key": "saffron (singer)"
    },
    "free": {
        "database_key": "free (band)"
    },
    "cl": {
        "database_key": "cl (rapper)"
    },
    "b.a.p": {
        "database_key": "b.a.p (south korean band)"
    },
    "razzle": {
        "database_key": "razzle (musician)"
    },
    "stretch": {
        "database_key": "stretch (rapper)"
    },
    "kim yu-bin": {
        "database_key": "kim yu-bin (musician)"
    },
    "esna": {
        "database_key": "esna (singer)"
    },
    "the caretaker": {
        "database_key": "the caretaker (musician)"
    },
    "keane": {
        "database_key": "keane (band)"
    },
    "estelle": {
        "database_key": "estelle (musician)"
    },
    "alex cameron": {
        "database_key": "alex cameron (musician)"
    },
    "h.o.t.": {
        "database_key": "h.o.t. (band)"
    },
    "samuel": {
        "database_key": "samuel (singer)"
    },
    "the national": {
        "database_key": "the national (band)"
    },
    "laura bailey": {
        "database_key": "laura bailey (voice actress)"
    },
    "christopher jackson": {
        "database_key": "christopher jackson (actor)"
    },
    "john newman": {
        "database_key": "john newman (singer)"
    },
    "jain": {
        "database_key": "jain (singer)"
    },
    "yoshiki": {
        "database_key": "yoshiki (musician)"
    },
    "kevin parker": {
        "database_key": "kevin parker (musician)"
    },
    "kim jong-kook": {
        "database_key": "kim jong-kook (singer)"
    },
    "sublime": {
        "database_key": "sublime (band)"
    },
    "amin\u00e9": {
        "database_key": "amin\u00e9 (rapper)"
    },
    "ashanti": {
        "database_key": "ashanti (singer)"
    },
    "incubus": {
        "database_key": "incubus (band)"
    },
    "dido": {
        "database_key": "dido (singer)"
    },
    "tlc": {
        "database_key": "tlc (group)"
    },
    "madness": {
        "database_key": "madness (band)"
    },
    "the real thing": {
        "database_key": "the real thing (uk band)"
    },
    "yes": {
        "database_key": "yes (band)"
    },
    "robert smith": {
        "database_key": "robert smith (musician)"
    },
    "nancy": {
        "database_key": "nancy (singer)"
    },
    "dhee": {
        "database_key": "dhee (singer)"
    },
    "nirvana": {
        "database_key": "nirvana (band)"
    },
    "misfits": {
        "database_key": "misfits (band)"
    },
    "gary": {
        "database_key": "gary (rapper)"
    },
    "robert palmer": {
        "database_key": "robert palmer (singer)"
    },
    "lisa": {
        "database_key": "lisa (japanese musician, born 1987)"
    },
    "charles hawtrey": {
        "database_key": "charles hawtrey (actor, born 1914)"
    },
    "foxy brown": {
        "database_key": "foxy brown (rapper)"
    },
    "kai": {
        "database_key": "kai (entertainer, born 1994)"
    },
    "lee sun-bin": {
        "database_key": "lee sun-bin (actress)"
    },
    "miguel": {
        "database_key": "miguel (singer)"
    },
    "ravi": {
        "database_key": "ravi (rapper)"
    },
    "michelle williams": {
        "database_key": "michelle williams (singer)"
    },
    "mukesh": {
        "database_key": "mukesh (singer)"
    },
    "chen": {
        "database_key": "chen (singer)"
    },
    "ricky wilson": {
        "database_key": "ricky wilson (american musician)"
    },
    "celeste": {
        "database_key": "celeste (singer)"
    },
    "jethro tull": {
        "database_key": "jethro tull (band)"
    },
    "anthony ramos": {
        "database_key": "anthony ramos (actor)"
    },
    "cream": {
        "database_key": "cream (band)"
    },
    "shaan": {
        "database_key": "shaan (singer)"
    },
    "lee min-ho": {
        "database_key": "lee min-ho (actor)"
    },
    "w.a.s.p.": {
        "database_key": "w.a.s.p. (band)"
    },
    "queen": {
        "database_key": "queen (band)"
    },
    "hole": {
        "database_key": "hole (band)"
    },
    "everlast": {
        "database_key": "everlast (musician)"
    },
    "cheryl": {
        "database_key": "cheryl (singer)"
    },
    "eve": {
        "database_key": "eve (rapper)"
    },
    "skid row": {
        "database_key": "skid row (american band)"
    },
    "tommy devito": {
        "database_key": "tommy devito (musician)"
    },
    "doro": {
        "database_key": "doro (musician)"
    },
    "panda bear": {
        "database_key": "panda bear (musician)"
    },
    "mika": {
        "database_key": "mika (singer)"
    },
    "phil taylor": {
        "database_key": "phil taylor (musician)"
    },
    "dead or alive": {
        "database_key": "dead or alive (band)"
    },
    "rm": {
        "database_key": "rm (rapper)"
    },
    "brockhampton": {
        "database_key": "brockhampton (band)"
    },
    "death": {
        "database_key": "death (metal band)"
    },
    "nine muses": {
        "database_key": "nine muses (group)"
    },
    "status quo": {
        "database_key": "status quo (band)"
    },
    "lana": {
        "database_key": "lana (wrestler)"
    },
    "cheetah": {
        "database_key": "cheetah (rapper)"
    },
    "exo": {
        "database_key": "exo (group)"
    },
    "the boyz": {
        "database_key": "the boyz (south korean band)"
    },
    "sabaton": {
        "database_key": "sabaton (band)"
    },
    "con o'neill": {
        "database_key": "con o'neill (actor)"
    },
    "corbin": {
        "database_key": "corbin (musician)"
    },
    "don cherry": {
        "database_key": "don cherry (trumpeter)"
    },
    "jennie": {
        "database_key": "jennie (singer)"
    },
    "birdy": {
        "database_key": "birdy (singer)"
    },
    "styx": {
        "database_key": "styx (band)"
    },
    "flea": {
        "database_key": "flea (musician)"
    },
    "garbage": {
        "database_key": "garbage (band)"
    },
    "christopher reid": {
        "database_key": "christopher reid (entertainer)"
    },
    "pitbull": {
        "database_key": "pitbull (rapper)"
    },
    "hyde": {
        "database_key": "hyde (musician)"
    },
    "kard": {
        "database_key": "kard (group)"
    },
    "little big": {
        "database_key": "little big (band)"
    },
    "f": {
        "database_key": "f(x) (group)"
    },
    "chicago": {
        "database_key": "chicago (band)"
    },
    "nana": {
        "database_key": "nana (entertainer)"
    },
    "mike pratt": {
        "database_key": "mike pratt (actor)"
    },
    "ufo": {
        "database_key": "ufo (band)"
    },
    "kyle": {
        "database_key": "kyle (musician)"
    },
    "khalid": {
        "database_key": "khalid (singer)"
    },
    "roger taylor": {
        "database_key": "roger taylor (queen drummer)"
    },
    "t. rex": {
        "database_key": "t. rex (band)"
    },
    "bohemia": {
        "database_key": "bohemia (rapper)"
    },
    "clc": {
        "database_key": "clc (group)"
    },
    "dmx": {
        "database_key": "dmx (rapper)"
    },
    "slipknot": {
        "database_key": "slipknot (band)"
    },
    "sza": {
        "database_key": "sza (singer)"
    },
    "lee su-hyun": {
        "database_key": "lee su-hyun (singer, born 1999)"
    },
    "minnie": {
        "database_key": "minnie (singer)"
    },
    "genesis": {
        "database_key": "genesis (band)"
    },
    "boston": {
        "database_key": "boston (band)"
    },
    "karthik": {
        "database_key": "karthik (actor)"
    },
    "howard jones": {
        "database_key": "howard jones (american musician)"
    },
    "new order": {
        "database_key": "new order (band)"
    },
    "tiny tim": {
        "database_key": "tiny tim (musician)"
    },
    "ghost": {
        "database_key": "ghost (swedish band)"
    },
    "paul kelly": {
        "database_key": "paul kelly (australian musician)"
    },
    "america": {
        "database_key": "america (band)"
    },
    "pink": {
        "database_key": "pink (singer)"
    },
    "m.i.a.": {
        "database_key": "m.i.a. (rapper)"
    },
    "future": {
        "database_key": "future (rapper)"
    },
    "tool": {
        "database_key": "tool (band)"
    },
    "the highwaymen": {
        "database_key": "the highwaymen (country supergroup)"
    },
    "andrew wood": {
        "database_key": "andrew wood (singer)"
    },
    "c. j. wallace": {
        "database_key": "c. j. wallace (actor)"
    },
    "mike jones": {
        "database_key": "mike jones (rapper)"
    },
    "lamb of god": {
        "database_key": "lamb of god (band)"
    },
    "james morrison": {
        "database_key": "james morrison (singer)"
    },
    "i-dle": {
        "database_key": "(g)i-dle"
    },
    "offset": {
        "database_key": "offset (rapper)"
    },
    "proof": {
        "database_key": "proof (rapper)"
    },
    "dead": {
        "database_key": "dead (musician)"
    },
    "dia": {
        "database_key": "dia (group)"
    },
    "rosal\u00eda": {
        "database_key": "rosal\u00eda (singer)"
    },
    "cavetown": {
        "database_key": "cavetown (musician)"
    },
    "ten": {
        "database_key": "ten (singer)"
    },
    "jack johnson": {
        "database_key": "jack johnson (musician)"
    },
    "2am": {
        "database_key": "2am (band)"
    },
    "mike starr": {
        "database_key": "mike starr (musician)"
    },
    "mac": {
        "database_key": "mac (rapper)"
    },
    "bobby": {
        "database_key": "bobby (rapper)"
    },
    "journey": {
        "database_key": "journey (band)"
    },
    "trivium": {
        "database_key": "trivium (band)"
    },
    "kim woo-seok": {
        "database_key": "kim woo-seok (singer)"
    },
    "the alchemist": {
        "database_key": "the alchemist (musician)"
    },
    "takeoff": {
        "database_key": "takeoff (rapper)"
    },
    "b.i": {
        "database_key": "b.i (rapper)"
    },
    "jim jones": {
        "database_key": "jim jones (rapper)"
    },
    "dreamcatcher": {
        "database_key": "dreamcatcher (group)"
    },
    "minami": {
        "database_key": "minami (singer)"
    },
    "yeri": {
        "database_key": "yeri (singer)"
    },
    "bow wow": {
        "database_key": "bow wow (rapper)"
    },
    "kevin mchale": {
        "database_key": "kevin mchale (actor)"
    },
    "hide": {
        "database_key": "hide (musician)"
    },
    "poppy": {
        "database_key": "poppy (entertainer)"
    },
    "infinite": {
        "database_key": "infinite (band)"
    },
    "marilyn manson": {
        "database_key": "marilyn manson (band)"
    },
    "sia": {
        "database_key": "sia (musician)"
    },
    "gojira": {
        "database_key": "gojira (band)"
    },
    "treasure": {
        "database_key": "treasure (band)"
    },
    "sean douglas": {
        "database_key": "sean douglas (songwriter)"
    },
    "eagles": {
        "database_key": "eagles (band)"
    },
    "sub urban": {
        "database_key": "sub urban (musician)"
    },
    "mayhem": {
        "database_key": "mayhem (band)"
    },
    "jojo": {
        "database_key": "jojo (singer)"
    },
    "rob thomas": {
        "database_key": "rob thomas (musician)"
    },
    "divine": {
        "database_key": "divine (performer)"
    },
    "asia": {
        "database_key": "asia (band)"
    },
    "louisa": {
        "database_key": "louisa (singer)"
    },
    "empire of the sun": {
        "database_key": "empire of the sun (band)"
    },
    "redman": {
        "database_key": "redman (rapper)"
    },
    "hal smith": {
        "database_key": "hal smith (actor)"
    },
    "andy bell": {
        "database_key": "andy bell (singer)"
    },
    "jessi": {
        "database_key": "jessi (musician)"
    },
    "skillet": {
        "database_key": "skillet (band)"
    },
    "oasis": {
        "database_key": "oasis (band)"
    },
    "fergie": {
        "database_key": "fergie (singer)"
    },
    "the four seasons": {
        "database_key": "the four seasons (band)"
    },
    "kim yo-han": {
        "database_key": "kim yo-han (singer)"
    },
    "fun": {
        "database_key": "fun (band)"
    },
    "extreme": {
        "database_key": "extreme (band)"
    },
    "kim do-yeon": {
        "database_key": "kim do-yeon (singer)"
    },
    "danger mouse": {
        "database_key": "danger mouse (musician)"
    },
    "kiss": {
        "database_key": "kiss (band)"
    },
    "highlight": {
        "database_key": "highlight (band)"
    },
    "loreen": {
        "database_key": "loreen (singer)"
    },
    "peter allen": {
        "database_key": "peter allen (musician)"
    },
    "raftaar": {
        "database_key": "raftaar (rapper)"
    },
    "one": {
        "database_key": "one (rapper)"
    },
    "raye": {
        "database_key": "raye (singer)"
    },
    "secret": {
        "database_key": "secret (south korean group)"
    },
    "nav": {
        "database_key": "nav (rapper)"
    },
    "disturbed": {
        "database_key": "disturbed (band)"
    },
    "r5": {
        "database_key": "r5 (band)"
    },
    "santana": {
        "database_key": "santana (band)"
    },
    "usher": {
        "database_key": "usher (musician)"
    },
    "rajkumar": {
        "database_key": "rajkumar (actor)"
    },
    "passenger": {
        "database_key": "passenger (singer)"
    },
    "muse": {
        "database_key": "muse (band)"
    },
    "ksi": {
        "database_key": "ksi (entertainer)"
    },
    "sandra": {
        "database_key": "sandra (singer)"
    },
    "gabrielle": {
        "database_key": "gabrielle (singer)"
    },
    "mike berry": {
        "database_key": "mike berry (singer)"
    },
    "nf": {
        "database_key": "nf (rapper)"
    },
    "joseph williams": {
        "database_key": "joseph williams (musician)"
    },
    "suga": {
        "database_key": "suga (rapper)"
    },
    "kevin richardson": {
        "database_key": "kevin richardson (musician)"
    },
    "sting": {
        "database_key": "sting (musician)"
    },
    "d.o.": {
        "database_key": "d.o. (entertainer)"
    },
    "jewel": {
        "database_key": "jewel (singer)"
    },
    "mastodon": {
        "database_key": "mastodon (band)"
    },
    "the rose": {
        "database_key": "the rose (band)"
    },
    "black": {
        "database_key": "black (singer)"
    },
    "lee sang-min": {
        "database_key": "lee sang-min (singer)"
    },
    "mulatto": {
        "database_key": "mulatto (rapper)"
    },
    "pentagon": {
        "database_key": "pentagon (south korean band)"
    },
    "iu": {
        "database_key": "iu (singer)"
    },
    "btob": {
        "database_key": "btob (band)"
    },
    "after school": {
        "database_key": "after school (group)"
    },
    "george young": {
        "database_key": "george young (rock musician)"
    },
    "ben barnes": {
        "database_key": "ben barnes (actor)"
    },
    "scorpions": {
        "database_key": "scorpions (band)"
    },
    "seventeen": {
        "database_key": "seventeen (south korean band)"
    },
    "red velvet": {
        "database_key": "red velvet (group)"
    },
    "mina": {
        "database_key": "mina (italian singer)"
    },
    "placebo": {
        "database_key": "placebo (band)"
    },
    "mike reid": {
        "database_key": "mike reid (actor)"
    },
    "jamie": {
        "database_key": "jamie (singer)"
    },
    "black flag": {
        "database_key": "black flag (band)"
    },
    "ros\u00e9": {
        "database_key": "ros\u00e9 (singer)"
    },
    "a.c.e": {
        "database_key": "a.c.e (south korean band)"
    },
    "ajr": {
        "database_key": "ajr (band)"
    },
    "birdman": {
        "database_key": "birdman (rapper)"
    },
    "sam brown": {
        "database_key": "sam brown (singer)"
    },
    "pixies": {
        "database_key": "pixies (band)"
    },
    "soko": {
        "database_key": "soko (singer)"
    },
    "foxes": {
        "database_key": "foxes (singer)"
    },
    "shannon": {
        "database_key": "shannon (south korean singer)"
    },
    "darin": {
        "database_key": "darin (singer)"
    },
    "pulp": {
        "database_key": "pulp (band)"
    },
    "alan wilson": {
        "database_key": "alan wilson (musician)"
    },
    "vivek": {
        "database_key": "vivek (actor)"
    },
    "golden child": {
        "database_key": "golden child (band)"
    },
    "wonho": {
        "database_key": "wonho (singer)"
    },
    "joji": {
        "database_key": "joji (musician)"
    },
    "dave clark": {
        "database_key": "dave clark (musician)"
    },
    "vishnuvardhan": {
        "database_key": "vishnuvardhan (actor)"
    },
    "astro": {
        "database_key": "astro (south korean band)"
    },
    "tom walker": {
        "database_key": "tom walker (singer)"
    },
    "richard swift": {
        "database_key": "richard swift (singer-songwriter)"
    },
    "joy": {
        "database_key": "joy (singer)"
    },
    "irene": {
        "database_key": "irene (singer)"
    },
    "tom evans": {
        "database_key": "tom evans (musician)"
    },
    "bonnie anderson": {
        "database_key": "bonnie anderson (singer)"
    },
    "disclosure": {
        "database_key": "disclosure (band)"
    },
    "haim": {
        "database_key": "haim (band)"
    },
    "nct": {
        "database_key": "nct (group)"
    },
    "russ": {
        "database_key": "russ (rapper)"
    },
    "blur": {
        "database_key": "blur (band)"
    },
    "james blake": {
        "database_key": "james blake (musician)"
    },
    "jos\u00e9 gonz\u00e1lez": {
        "database_key": "jos\u00e9 gonz\u00e1lez (singer)"
    },
    "james bay": {
        "database_key": "james bay (singer)"
    },
    "jb": {
        "database_key": "jb (south korean singer)"
    },
    "slash": {
        "database_key": "slash (musician)"
    },
    "uniq": {
        "database_key": "uniq (band)"
    },
    "tom jones": {
        "database_key": "tom jones (singer)"
    },
    "dean": {
        "database_key": "dean (south korean singer)"
    },
    "melissa barrera": {
        "database_key": "melissa barrera (actress)"
    },
    "engelbert humperdinck": {
        "database_key": "engelbert humperdinck (singer)"
    },
    "nick carter": {
        "database_key": "nick carter (musician)"
    },
    "ian stewart": {
        "database_key": "ian stewart (musician)"
    },
    "ashley johnson": {
        "database_key": "ashley johnson (actress)"
    },
    "dan smith": {
        "database_key": "dan smith (singer)"
    },
    "primus": {
        "database_key": "primus (band)"
    },
    "uriah heep": {
        "database_key": "uriah heep (band)"
    },
    "paul young": {
        "database_key": "paul young (singer, born 1947)"
    },
    "stephanie": {
        "database_key": "stephanie (singer, born october 1987)"
    },
    "venom": {
        "database_key": "venom (band)"
    },
    "mehmood": {
        "database_key": "mehmood (actor)"
    },
    "rain": {
        "database_key": "rain (entertainer)"
    },
    "havoc": {
        "database_key": "havoc (musician)"
    },
    "heart": {
        "database_key": "heart (band)"
    },
    "john butler": {
        "database_key": "john butler (musician)"
    },
    "sade": {
        "database_key": "sade (singer)"
    },
    "sana": {
        "database_key": "sana (singer)"
    },
    "ruel": {
        "database_key": "ruel (singer)"
    },
    "cix": {
        "database_key": "cix (band)"
    },
    "yg": {
        "database_key": "yg (rapper)"
    },
    "crush": {
        "database_key": "crush (singer)"
    },
    "portishead": {
        "database_key": "portishead (band)"
    },
    "creed": {
        "database_key": "creed (band)"
    },
    "lp": {
        "database_key": "lp (singer)"
    },
    "dev": {
        "database_key": "dev (singer)"
    },
    "wiley": {
        "database_key": "wiley (musician)"
    },
    "april": {
        "database_key": "april (girl group)"
    },
    "badshah": {
        "database_key": "badshah (rapper)"
    },
    "the gathering": {
        "database_key": "the gathering (band)"
    },
    "my bloody valentine": {
        "database_key": "my bloody valentine (band)"
    },
    "gunna": {
        "database_key": "gunna (rapper)"
    },
    "thundercat": {
        "database_key": "thundercat (musician)"
    },
    "aoa": {
        "database_key": "aoa (group)"
    },
    "peter green": {
        "database_key": "peter green (musician)"
    },
    "daryl mitchell": {
        "database_key": "daryl mitchell (actor)"
    },
    "sparks": {
        "database_key": "sparks (band)"
    },
    "randy jackson": {
        "database_key": "randy jackson (jacksons singer)"
    },
    "banners": {
        "database_key": "banners (musician)"
    },
    "marilyn": {
        "database_key": "marilyn (singer)"
    },
    "q-tip": {
        "database_key": "q-tip (musician)"
    },
    "franz ferdinand": {
        "database_key": "franz ferdinand (band)"
    },
    "mark foster": {
        "database_key": "mark foster (singer)"
    },
    "prince": {
        "database_key": "prince (musician)"
    },
    "kara": {
        "database_key": "kara (south korean group)"
    },
    "mino": {
        "database_key": "mino (rapper)"
    },
    "paul banks": {
        "database_key": "paul banks (american musician)"
    },
    "seal": {
        "database_key": "seal (musician)"
    },
    "yui": {
        "database_key": "yui (singer)"
    },
    "logic": {
        "database_key": "logic (rapper)"
    },
    "mike skinner": {
        "database_key": "mike skinner (musician)"
    },
    "hanson": {
        "database_key": "hanson (band)"
    },
    "nature": {
        "database_key": "nature (group)"
    },
    "gashi": {
        "database_key": "gashi (rapper)"
    },
    "skin": {
        "database_key": "skin (musician)"
    },
    "aqua": {
        "database_key": "aqua (band)"
    },
    "winner": {
        "database_key": "winner (band)"
    },
    "mark lee": {
        "database_key": "mark lee (singer)"
    },
    "steve miller": {
        "database_key": "steve miller (musician)"
    },
    "richard butler": {
        "database_key": "richard butler (singer)"
    },
    "anthrax": {
        "database_key": "anthrax (american band)"
    },
    "noname": {
        "database_key": "noname (rapper)"
    },
    "s.e.s.": {
        "database_key": "s.e.s. (group)"
    },
    "dawn": {
        "database_key": "dawn (rapper)"
    },
    "gummy": {
        "database_key": "gummy (singer)"
    },
    "txt": {
        "database_key": "txt (band)"
    },
    "wale": {
        "database_key": "wale (rapper)"
    },
    "tricky": {
        "database_key": "tricky (musician)"
    },
    "drake": {
        "database_key": "drake (musician)"
    },
    "toto": {
        "database_key": "toto (band)"
    },
    "rush": {
        "database_key": "rush (band)"
    },
    "rumer": {
        "database_key": "rumer (musician)"
    },
    "scott walker": {
        "database_key": "scott walker (singer)"
    },
    "redbone": {
        "database_key": "redbone (band)"
    },
    "reol": {
        "database_key": "reol (singer)"
    },
    "jimin": {
        "database_key": "jimin (singer, born 1995)"
    },
    "halsey": {
        "database_key": "halsey (singer)"
    },
    "huey": {
        "database_key": "huey (rapper)"
    },
    "loon": {
        "database_key": "loon (rapper)"
    },
    "bones": {
        "database_key": "bones (rapper)"
    },
    "gary carr": {
        "database_key": "gary carr (actor)"
    },
    "kim jong-hyun": {
        "database_key": "kim jong-hyun (singer)"
    },
    "key": {
        "database_key": "key (entertainer)"
    },
    "amber liu": {
        "database_key": "amber liu (singer)"
    },
    "andy fletcher": {
        "database_key": "andy fletcher (musician)"
    },
    "v": {
        "database_key": "v (singer)"
    },
    "flume": {
        "database_key": "flume (musician)"
    },
    "hani": {
        "database_key": "hani (singer)"
    },
    "grimes": {
        "database_key": "grimes (musician)"
    },
    "seulgi": {
        "database_key": "seulgi (singer)"
    },
    "common": {
        "database_key": "common (rapper)"
    },
    "pepa": {
        "database_key": "pepa (rapper)"
    },
    "wendy": {
        "database_key": "wendy (singer)"
    },
    "george clinton": {
        "database_key": "george clinton (funk musician)"
    },
    "foreigner": {
        "database_key": "foreigner (band)"
    },
    "steppenwolf": {
        "database_key": "steppenwolf (band)"
    },
    "taboo": {
        "database_key": "taboo (rapper)"
    },
    "rainbow": {
        "database_key": "rainbow (girl group)"
    },
    "thomas young": {
        "database_key": "thomas young (scientist)"
    },
    "dio": {
        "database_key": "dio (band)"
    },
    "juvenile": {
        "database_key": "juvenile (rapper)"
    },
    "solar": {
        "database_key": "solar (singer)"
    },
    "mano": {
        "database_key": "mano (singer)"
    },
    "bush": {
        "database_key": "bush (british band)"
    },
    "glam": {
        "database_key": "glam (group)"
    },
    "power trip": {
        "database_key": "power trip (band)"
    },
    "x1": {
        "database_key": "x1 (band)"
    },
    "eliza doolittle": {
        "database_key": "eliza doolittle (singer)"
    },
    "riff raff": {
        "database_key": "riff raff (rapper)"
    },
    "faces": {
        "database_key": "faces (band)"
    },
    "austin jones": {
        "database_key": "austin jones (musician)"
    },
    "zaz": {
        "database_key": "zaz (singer)"
    },
    "mustard": {
        "database_key": "mustard (record producer)"
    },
    "kansas": {
        "database_key": "kansas (band)"
    },
    "sky blu": {
        "database_key": "sky blu (rapper)"
    },
    "upchurch": {
        "database_key": "upchurch (musician)"
    },
    "machine gun kelly": {
        "database_key": "machine gun kelly (musician)"
    },
    "blondie": {
        "database_key": "blondie (band)"
    },
    "big bang": {
        "database_key": "big bang (band)"
    },
    "bright eyes": {
        "database_key": "bright eyes (band)"
    },
    "bambam": {
        "database_key": "bambam (singer)"
    }
}