unigram,freq
the,39605
i,29448
you,25957
and,25210
it,24508
a,18637
's,17677
to,14912
of,14550
that,14252
n't,12212
in,11609
we,10448
is,10164
do,9594
they,9333
er,8542
was,8097
yeah,7890
have,7488
what,7313
he,7277
but,6366
for,6239
erm,6029
be,5790
on,5659
this,5627
know,5550
well,5310
so,5067
oh,5052
got,5025
've,4735
not,4693
are,4663
if,4544
with,4446
no,4388
're,4255
she,4136
at,4115
there,4067
think,3977
yes,3840
just,3820
all,3644
can,3588
then,3474
get,3464
did,3368
or,3357
would,3278
mm,3163
them,3126
'll,3066
one,3034
up,2891
go,2885
now,2864
your,2859
had,2835
were,2749
about,2730
two,2710
said,2685
'm,2512
see,2507
me,2444
very,2373
out,2316
my,2278
when,2255
mean,2250
right,2209
which,2208
from,2178
going,2174
say,2116
been,2082
people,2063
because,2039
some,1986
could,1949
will,1890
how,1888
an,1846
time,1819
who,1780
want,1776
like,1762
come,1737
really,1727
three,1721
by,1663
here,1640
put,1640
has,1598
good,1566
as,1558
does,1549
cos,1535
any,1484
down,1472
where,1380
~na,1376
him,1348
his,1333
other,1313
five,1308
something,1290
their,1284
these,1269
our,1253
way,1252
ca~,1248
actually,1239
back,1211
four,1199
'd,1194
should,1173
gon~,1154
take,1149
thing,1136
look,1123
those,1121
why,1113
things,1103
only,1079
into,1067
us,1059
quite,1050
hundred,1023
lot,992
make,977
first,957
okay,950
more,949
doing,943
done,931
twenty,925
went,917
six,863
give,845
thought,845
again,836
off,831
might,809
year,803
her,800
last,788
much,764
need,749
day,746
used,742
says,740
still,739
mhm,722
ah,712
sort,712
years,704
never,700
little,700
than,683
tell,668
many,654
same,651
another,640
money,637
point,637
bit,635
being,634
anything,633
week,631
too,629
ten,616
through,615
eight,606
new,603
nice,603
work,601
always,597
thank,595
next,594
must,589
probably,585
saying,577
pounds,572
nine,571
seven,565
also,556
wo~,552
big,549
over,543
getting,539
made,539
after,539
number,531
old,529
find,529
coming,522
thirty,520
fifty,519
thousand,516
remember,513
anyway,503
goes,503
today,503
different,500
fact,492
may,480
sure,479
else,475
came,473
night,465
house,460
morning,459
even,457
every,456
end,455
use,455
having,452
keep,449
perhaps,444
own,443
half,440
away,433
school,431
sorry,431
talking,428
looking,428
council,424
ooh,424
gone,418
round,415
aye,414
whether,413
mum,410
though,410
somebody,409
alright,408
man,405
nothing,403
let's,401
ask,399
try,396
let,390
forty,388
job,382
car,379
side,374
seen,371
nineteen,370
~n~,367
children,367
start,365
long,365
feel,364
great,363
told,362
please,361
everything,359
area,356
part,355
place,353
problem,348
few,346
ninety,342
able,339
between,338
its,338
comes,328
pound,327
~ta,326
days,318
ones,318
before,316
wanted,314
trying,311
question,310
pay,309
better,308
yet,307
called,306
local,301
maybe,301
certainly,299
name,299
bad,296
eighty,296
obviously,296
government,295
sixty,294
life,293
call,290
whatever,289
leave,289
took,287
moment,285
times,284
working,282
important,280
twelve,278
water,278
left,278
ever,275
suppose,275
stuff,274
kind,270
dad,268
everybody,267
already,267
talk,266
home,265
am,264
shall,264
wrong,263
together,262
buy,261
started,261
most,261
read,260
ago,259
county,258
against,257
believe,257
door,255
hear,254
minutes,253
idea,253
within,253
move,251
group,249
anybody,249
world,248
whole,248
bloody,247
mind,246
person,244
case,243
each,243
enough,241
help,239
aha,237
under,234
tomorrow,234
percent,233
room,233
women,232
paper,232
heard,232
taken,231
lovely,231
wan~,231
far,229
party,227
without,227
looks,226
stop,225
business,225
such,225
given,224
making,224
members,224
second,224
taking,224
men,223
policy,223
ai~,221
hand,221
couple,220
hello,220
problems,220
ha,220
book,220
minute,219
asked,218
best,217
bring,216
small,216
report,215
word,214
eh,211
months,211
sit,209
found,209
rather,209
looked,209
particular,209
fifteen,207
hope,206
write,206
full,206
information,206
saw,206
words,205
service,204
country,204
seventy,204
gets,204
understand,203
difficult,202
exactly,201
sometimes,199
weeks,198
turn,198
either,198
wants,197
top,196
around,196
happened,195
play,194
bought,194
hour,194
in~,191
hours,191
system,189
both,189
o'clock,188
shop,188
fine,187
committee,187
seems,186
police,186
high,185
mother,184
absolutely,183
yourself,182
someone,181
line,181
young,180
reason,180
later,179
thinking,179
run,179
meeting,178
tonight,178
yesterday,177
bed,177
mine,177
true,177
happy,176
situation,176
often,175
set,174
across,173
somewhere,173
tea,172
pick,171
family,171
war,170
means,170
eat,170
view,169
show,169
certain,169
knew,168
office,168
past,168
live,167
land,166
wait,166
indeed,166
cut,165
national,165
du~,165
level,164
head,164
paid,163
thanks,162
makes,162
general,162
funny,161
although,160
change,160
boy,159
sense,159
myself,159
mummy,159
town,159
company,158
million,157
dear,157
using,157
happen,156
girl,156
while,156
training,156
open,155
lost,155
finished,155
plan,155
health,154
eleven,154
particularly,153
hard,153
putting,153
questions,153
during,152
therefore,152
~no,152
worked,152
forward,151
chairman,151
table,148
afternoon,148
bye,148
watch,148
gave,148
month,147
black,147
possible,147
seem,146
fire,146
stay,146
interesting,146
matter,145
usually,144
phone,144
nobody,144
agree,144
city,143
course,143
brought,143
sir,143
father,142
areas,142
development,142
',141
clear,140
happens,140
tape,139
woman,138
amount,138
staff,138
services,138
trouble,138
street,137
page,137
send,137
until,137
easy,137
difference,136
lord,136
rest,136
market,135
union,134
basically,134
concerned,134
form,133
supposed,133
main,133
centre,133
interest,133
fair,133
real,132
third,132
letter,132
love,132
white,131
eighteen,131
programme,131
once,131
child,130
position,130
power,130
ready,130
box,129
dog,128
plus,128
speak,128
short,127
nearly,127
takes,126
stage,126
lots,126
others,126
community,125
red,125
special,125
listen,125
themselves,124
wonder,124
age,124
ought,123
towards,123
till,122
building,122
unless,122
walk,122
knows,122
trade,122
behind,121
price,121
changed,120
piece,120
less,119
answer,119
kids,119
motion,119
expect,119
almost,118
everyone,118
schools,118
authority,118
along,118
labour,118
hell,118
district,118
anyone,118
extra,117
type,117
bottom,117
sell,117
sitting,117
forget,117
ya,117
food,117
yep,117
carry,116
large,116
education,115
social,115
cost,115
fucking,114
fairly,114
news,114
jobs,114
stand,114
worth,114
pardon,114
list,114
traffic,114
free,113
giving,113
kept,113
running,113
wish,113
issue,112
cup,112
bits,112
since,112
normally,112
quarter,112
actual,112
game,112
parents,111
hair,111
order,111
period,111
mentioned,111
asking,111
points,110
interested,110
hold,110
sent,110
budget,110
cold,109
become,109
chance,109
body,109
telling,108
state,108
fourteen,108
class,108
pretty,108
evening,108
add,108
playing,108
church,107
shut,107
clearly,107
tax,107
numbers,107
wife,107
sixteen,107
tried,107
felt,106
ways,106
moved,106
figures,106
doctor,106
daddy,106
hang,106
itself,105
allowed,105
size,105
support,104
councillor,104
needs,104
friends,104
major,104
available,104
early,103
spend,103
god,103
face,103
south,103
experience,103
meant,103
quid,103
yo,103
friend,102
term,102
public,102
late,102
management,101
various,101
board,100
poor,100
turned,100
meet,99
future,99
quality,99
lady,98
simply,98
gives,97
further,97
holiday,97
thirteen,97
yours,97
bet,97
decision,97
girls,97
hospital,97
houses,97
figure,97
bag,97
moving,96
hot,96
colour,96
care,95
dinner,95
planning,95
front,95
floor,95
story,95
paying,95
straight,95
onto,95
card,95
basis,94
bus,94
worry,94
hands,94
accept,94
written,94
single,94
court,94
baby,93
imagine,93
team,93
known,93
definitely,92
weekend,92
awful,92
window,91
department,91
places,91
quick,91
likely,91
ball,91
picture,91
low,91
region,91
coffee,90
reckon,90
settlement,90
light,90
however,90
club,90
society,89
especially,89
decided,89
rate,89
section,89
quickly,88
chair,88
law,88
normal,88
green,88
north,88
minus,88
sorts,88
garden,88
action,88
possibly,88
provide,88
ring,88
near,88
otherwise,88
station,87
machine,87
effect,87
officers,87
books,87
himself,87
blue,86
middle,86
happening,86
air,86
aware,86
corner,85
bank,85
learn,85
groups,85
feet,85
member,85
agreed,85
terrible,85
computer,85
foot,84
project,84
control,83
save,83
built,83
stupid,83
works,82
soon,82
miles,82
earlier,82
evidence,82
lived,81
simple,81
upon,80
finish,80
ground,80
income,80
husband,80
involved,80
deal,80
date,80
completely,80
issues,80
structure,80
wall,79
died,79
based,79
anywhere,79
football,79
space,79
language,79
officer,79
hit,79
financial,78
cars,78
television,78
hall,78
totally,78
radio,78
site,78
wear,78
boys,78
sounds,78
process,78
scheme,78
housing,77
industry,77
suggest,77
strong,77
needed,77
odd,77
birthday,77
president,76
music,76
terms,76
sat,76
park,76
draw,76
waiting,76
bigger,76
spent,76
example,76
opportunity,75
check,75
slightly,75
tend,75
post,75
afford,75
kitchen,75
proper,75
university,75
reasons,74
beginning,74
walking,74
living,74
result,74
companies,74
brother,73
record,73
video,73
statement,73
rid,73
properly,73
brilliant,73
hey,73
apparently,73
college,72
choice,72
pressure,72
double,72
account,72
seventeen,72
authorities,72
colleagues,72
son,72
per,72
bar,71
necessary,71
central,71
political,71
none,71
miss,71
cases,71
worse,71
depends,70
stopped,70
lunch,70
lose,70
d',70
met,70
drink,70
value,70
environment,70
benefit,70
pull,70
history,70
ideas,70
beautiful,70
expensive,69
similar,69
carried,69
pass,69
west,69
private,69
summer,69
changes,69
pension,69
win,69
conference,69
fish,69
decide,69
played,68
pence,68
speaking,68
names,68
stick,68
bill,68
item,68
talked,68
safety,68
close,67
common,67
shit,67
teacher,67
bloke,67
explain,67
teachers,67
ourselves,67
won,66
wonderful,66
continue,66
subject,66
gas,66
silly,66
role,66
picked,66
film,66
older,66
client,66
higher,66
bedroom,65
consider,65
sales,65
shops,65
careful,65
hate,65
manager,65
insurance,65
employment,65
costs,65
outside,65
personal,65
easier,65
present,65
serious,64
flats,64
appropriate,64
loads,64
correct,64
advice,64
east,64
whereas,64
da,64
bother,64
several,64
contract,64
sold,63
ours,63
milk,63
parts,63
nature,63
workers,63
eyes,63
standing,63
upstairs,63
guy,63
dead,63
writing,63
weight,63
twice,62
positive,62
congress,62
sick,62
busy,62
watching,62
surely,62
thinks,62
practice,62
listening,62
comments,62
fill,62
test,62
transport,61
horse,61
sister,61
press,61
conversation,61
wrote,61
build,61
honest,61
seeing,61
necessarily,61
sector,61
boat,61
bread,61
produce,60
cheap,60
starts,60
recently,60
coal,60
born,60
seemed,60
wee,59
generally,59
resources,59
range,59
research,59
join,59
buying,59
application,59
break,59
realize,59
village,59
eventually,59
afraid,59
letters,59
field,58
product,58
clothes,58
follow,58
weather,58
'em,58
current,58
specific,58
policies,58
useful,58
drive,57
capital,57
responsibility,57
lucky,57
prices,57
starting,57
death,57
increase,57
lights,57
sites,57
plenty,57
extent,57
individual,57
discussion,57
countries,57
lines,56
paragraph,56
missed,56
heart,56
heavy,56
horrible,56
act,56
debate,56
reasonable,56
cover,56
hopefully,56
cat,56
fit,56
held,56
conditions,56
train,56
minister,56
throw,55
walked,55
earth,55
enjoy,55
pleased,55
sun,55
telephone,55
united,55
rubbish,55
excellent,55
chap,55
darling,54
pair,54
argument,54
pieces,54
final,54
provision,54
total,54
daughter,54
excuse,54
warm,54
investment,54
worried,54
feeling,54
unfortunately,53
meetings,53
sheet,53
eye,53
shoes,53
covered,53
nil,53
allow,53
papers,53
economic,53
load,52
previous,52
cake,52
note,52
quiet,52
ordinary,52
windows,52
cards,52
fund,52
lane,52
offered,52
liked,52
showing,52
legs,51
bottle,51
fourth,51
amendment,51
existing,51
greenbelt,51
blood,51
majority,51
attention,51
glad,51
relationship,51
data,51
human,51
function,51
basic,51
scale,50
dealing,50
passed,50
greater,50
regional,50
operation,50
coat,50
cor,50
choose,50
driving,50
keeping,50
modern,50
charge,50
production,50
manage,50
leg,50
homes,49
tree,49
phoned,49
copy,49
tt,49
above,49
mention,49
plans,49
access,49
horses,49
noticed,49
easily,49
sing,49
circumstances,49
security,49
sex,49
comment,49
keeps,49
truth,49
environmental,48
presumably,48
division,48
fall,48
wide,48
trees,48
rates,48
unit,48
reports,48
levels,48
yellow,48
throughout,48
surprised,48
movement,48
voice,48
students,48
force,48
tired,48
finally,48
proposals,48
married,48
oil,48
approach,48
rights,48
ahead,48
document,47
ages,47
inside,47
reading,47
cash,47
selling,47
matters,47
self,47
speed,47
mouth,47
caught,47
extremely,47
push,46
bothered,46
concern,46
army,46
drop,46
glass,46
flat,46
benefits,46
councils,46
apply,46
managed,46
sale,46
pub,46
hardly,46
received,46
bringing,45
suddenly,45
prepared,45
due,45
guess,45
sleep,45
afterwards,45
including,45
notice,45
sea,45
wood,45
clean,45
opened,45
vote,45
likes,45
accident,45
detail,45
mate,45
responsible,45
catch,45
chicken,45
population,45
property,45
huge,45
became,45
original,44
cheaper,44
hole,44
success,44
rich,44
notes,44
sides,44
purpose,44
model,44
details,44
grow,44
wages,44
nought,44
urgh,44
competition,44
successful,44
contact,44
tapes,44
stone,44
bath,44
energy,44
leaving,44
chocolate,44
file,44
material,44
hill,43
sound,43
equal,43
spoke,43
garage,43
natural,43
obvious,43
rules,43
younger,43
forgot,43
systems,43
address,43
views,43
economy,43
response,43
exercise,43
produced,43
branch,43
results,43
goal,43
spirit,43
whose,43
separate,43
honestly,43
families,43
strange,42
shame,42
seriously,42
sorted,42
lower,42
immediately,42
character,42
agreement,42
base,42
suggested,42
smaller,42
fell,42
ladies,42
telly,42
advance,42
offer,42
lad,42
complete,42
century,42
everywhere,42
degree,42
waste,42
enjoyed,42
tells,42
rain,42
forgotten,42
etcetera,42
raised,42
meal,42
noise,41
washing,41
eating,41
wind,41
die,41
legal,41
ill,41
discuss,41
organization,41
direct,41
fault,41
stuck,41
library,41
science,41
fuck,41
director,41
roads,41
meat,41
message,41
opinion,41
dry,41
doors,41
hm,41
rule,41
cream,41
additional,41
cheese,41
lives,41
pictures,40
toilet,40
doo,40
commission,40
direction,40
entirely,40
agenda,40
rang,40
sixth,40
shows,40
wash,40
key,40
animals,40
raise,40
killed,40
shown,40
ran,40
attitude,40
forms,40
squared,40
election,40
fully,40
panel,40
estate,40
games,40
safe,40
dropped,40
winter,40
dark,39
significant,39
skills,39
farm,39
products,39
referred,39
considered,39
achieve,39
wine,39
stock,39
share,39
wedding,39
pain,39
sugar,39
association,39
hoping,39
background,39
trust,39
step,39
ability,39
review,39
goods,39
favour,39
reference,39
mainly,38
faith,38
provided,38
goodness,38
dogs,38
admit,38
improve,38
study,38
chips,38
shopping,38
cope,38
appointment,38
royal,38
engine,38
procedure,38
song,38
receive,38
equipment,38
hotel,38
hurt,38
stayed,38
memory,38
balance,38
recording,38
duty,38
lead,38
independent,38
route,38
longer,38
industrial,38
changing,38
parish,38
strategy,38
technology,38
international,38
herself,38
element,38
speaker,37
relief,37
pulled,37
holidays,37
distance,37
impact,37
mortgage,37
types,37
season,37
decisions,37
thick,37
wearing,37
maths,37
develop,37
sentence,37
boring,37
hi,37
theatre,37
facilities,37
difficulty,37
personally,37
ensure,37
thousands,37
glasses,37
profit,37
breakfast,37
king,37
accepted,37
items,37
parliament,37
tiny,37
collect,37
knowledge,37
patients,36
sign,36
becomes,36
fifth,36
ee,36
resolution,36
unions,36
showed,36
clever,36
growth,36
match,36
dirty,36
bags,36
negative,36
recent,36
performance,36
pen,36
length,36
units,36
bike,36
bridge,36
arm,36
membership,36
nose,36
cross,36
leader,36
stood,36
seat,36
advertising,36
risk,36
possibility,36
parties,36
spell,36
standards,36
conservative,36
dangerous,36
deep,35
pattern,35
medical,35
peasants,35
prefer,35
theory,35
effort,35
sad,35
gold,35
firm,35
include,35
boxes,35
tremendous,35
context,35
expected,35
river,35
criteria,35
keen,35
knock,35
sheep,35
lads,35
procedures,35
design,35
touch,35
doubt,35
providing,35
series,35
mayor,35
effective,35
stairs,35
style,35
mad,35
league,35
mess,35
beyond,35
art,35
protection,35
crime,35
count,35
puts,35
hmm,35
activity,35
remind,35
roof,35
mark,34
finding,34
doctors,34
gentleman,34
courses,34
pages,34
kill,34
driver,34
staying,34
shh,34
biggest,34
regular,34
factory,34
campaign,34
queen,34
behaviour,34
grant,34
helped,34
closed,34
principle,34
calls,34
fingers,34
knowing,34
create,34
effectively,34
eggs,34
unemployment,34
voluntary,34
stories,34
colours,34
turning,34
affect,34
helpful,33
joint,33
advantage,33
whilst,33
begin,33
proposal,33
picking,33
professional,33
tickets,33
carrying,33
consideration,33
funding,33
sum,33
sake,33
furniture,33
grass,33
supply,33
strategic,33
pocket,33
egg,33
van,33
wet,33
knocked,33
bathroom,33
perfectly,33
fancy,33
countryside,33
button,33
effects,33
defence,33
iron,33
teeth,33
technical,33
schemes,33
relevant,33
chief,33
acid,33
saved,33
skin,33
massive,32
factors,32
survey,32
standard,32
bear,32
pink,32
empty,32
hat,32
honourable,32
broke,32
edge,32
electricity,32
railway,32
degrees,32
average,32
beat,32
savings,32
borrow,32
marks,32
trousers,32
assume,32
wherever,32
refer,32
metal,32
marvellous,32
exam,32
legislation,32
consultation,32
enormous,32
following,32
fruit,32
agricultural,32
carefully,32
neck,32
mile,32
cutting,32
wondered,32
mistake,32
altogether,31
welcome,31
somehow,31
rough,31
executive,31
holding,31
helping,31
reduction,31
petrol,31
fun,31
compared,31
race,31
fortnight,31
joined,31
treatment,31
potatoes,31
cupboard,31
cheque,31
respect,31
loss,31
flowers,31
watched,31
annual,31
option,31
speech,31
wanting,31
prime,31
track,31
individuals,31
appear,31
absolute,31
suggestion,31
hundreds,31
originally,31
brown,31
nasty,31
amongst,31
ice,31
demand,30
switch,30
realise,30
aid,30
plastic,30
peace,30
easter,30
accounts,30
reduce,30
wondering,30
yard,30
required,30
avoid,30
event,30
amazing,30
orders,30
seconds,30
calling,30
respond,30
customer,30
primary,30
fresh,30
forest,30
feels,30
strike,30
worst,30
classes,30
carpet,30
laugh,30
chapter,30
ridiculous,30
northern,30
rooms,30
included,30
homework,30
danger,30
session,30
appreciate,30
plate,30
presentation,29
activities,29
dealt,29
aspects,29
article,29
interests,29
understanding,29
customers,29
desk,29
caused,29
sports,29
brothers,29
answers,29
introduced,29
nights,29
neighbours,29
perfect,29
discussed,29
blah,29
cause,29
underneath,29
contribution,29
rent,29
drugs,29
southern,29
clients,29
master,29
reform,29
credit,29
virtually,29
recorded,29
star,29
confidence,29
interview,29
kid,29
funds,29
difficulties,29
alone,29
fight,29
summat,29
gun,29
commitment,29
super,29
encourage,29
rural,29
row,29
biscuits,29
spending,28
sensible,28
helps,28
senior,28
plant,28
laughing,28
whoever,28
split,28
singing,28
requirements,28
taught,28
bound,28
learnt,28
machines,28
salt,28
reach,28
oi,28
licence,28
impression,28
essentially,28
buses,28
sweet,28
ticket,28
microphone,28
granddad,28
lay,28
opportunities,28
grandma,28
directly,28
jump,28
ship,28
enter,28
media,28
vehicle,28
programmes,28
golf,28
angle,28
damage,28
followed,28
sport,28
lying,28
target,28
electric,28
revolution,28
shape,28
tables,28
channel,28
claim,28
unemployed,28
wage,28
runs,28
drawn,28
enquiry,27
whenever,27
laid,27
civil,27
applications,27
square,27
huh,27
luck,27
finger,27
opposite,27
band,27
la,27
popular,27
method,27
lesson,27
arms,27
network,27
currently,27
guilty,27
willing,27
relatively,27
kinds,27
nor,27
foreign,27
charges,27
weird,27
holy,27
losing,27
elderly,27
um,27
divided,27
attack,27
asleep,27
employers,27
caravan,27
downstairs,27
highly,27
practical,27
councillors,27
identify,27
filled,27
pop,27
suspect,27
parent,27
decent,27
turns,27
blind,27
teaching,27
fridge,27
guidance,27
server,27
assessment,27
smoke,27
suggesting,27
introduce,27
sending,27
briefly,27
shot,27
lack,27
mostly,27
rail,26
tin,26
developed,26
steps,26
recall,26
block,26
seconded,26
related,26
below,26
heat,26
forces,26
factor,26
farmers,26
birds,26
spare,26
reaction,26
spoken,26
whom,26
physical,26
elections,26
lecture,26
argue,26
task,26
salary,26
essential,26
exciting,26
western,26
nevertheless,26
complicated,26
dozen,26
animal,26
urban,26
among,26
soft,26
computers,26
occasions,26
roughly,26
broken,26
trial,26
solicitor,26
brain,26
analysis,26
gate,26
chest,26
realized,26
falling,26
poll,26
added,26
described,26
records,26
clock,26
badly,26
alive,26
requirement,25
teach,25
protect,25
definition,25
folk,25
elsewhere,25
employed,25
secondly,25
joke,25
peasant,25
assembly,25
importance,25
student,25
projects,25
examples,25
setting,25
comfortable,25
nowadays,25
fast,25
smell,25
version,25
hanging,25
began,25
butter,25
motor,25
progress,25
camera,25
root,25
liberal,25
reduced,25
occasion,25
dress,25
player,25
newspaper,25
bright,25
equals,25
boss,25
describe,25
packet,25
gosh,25
temperature,25
revenue,25
famous,25
identified,25
sheets,25
arrangements,25
literally,25
brings,25
objectives,25
agency,25
managers,25
violence,25
priority,25
explained,25
considerable,24
youth,24
suitable,24
location,24
grand,24
arts,24
represent,24
pack,24
becoming,24
specifically,24
heads,24
variety,24
recommendation,24
learning,24
blame,24
growing,24
options,24
brief,24
bearing,24
reasonably,24
partly,24
led,24
fields,24
active,24
nowhere,24
achieved,24
minor,24
grown,24
prison,24
aspect,24
ta,24
capacity,24
larger,24
arrived,24
keys,24
audience,24
solution,24
recognize,24
serve,24
laws,24
cook,24
trip,24
sky,24
gentlemen,24
limit,24
committed,24
districts,24
score,24
expenditure,24
disgusting,24
pulling,24
commercial,24
heating,24
spot,24
dictionary,24
organisation,24
moon,24
impossible,24
proposed,24
detailed,24
recognise,24
overall,24
visit,24
image,24
carbon,24
created,23
ho,23
slow,23
trained,23
grateful,23
conclusion,23
proportion,23
return,23
aircraft,23
grey,23
propose,23
occasionally,23
quarters,23
crap,23
fox,23
marketing,23
wow,23
terribly,23
nursery,23
awkward,23
feed,23
latest,23
spread,23
reality,23
sufficient,23
signed,23
failed,23
lie,23
migration,23
seek,23
pool,23
professor,23
streets,23
ended,23
fat,23
tenants,23
engineering,23
organisations,23
missing,23
recommendations,23
understood,23
teams,23
pushing,23
events,23
increased,23
lessons,23
screen,23
firms,23
release,23
pie,23
acceptable,23
offices,23
ideal,23
blow,23
status,23
supported,23
friendly,23
ps,23
journey,23
exist,23
speakers,23
substantial,23
phrase,23
remain,23
penny,23
dream,23
stress,23
traditional,23
frightened,23
magazine,23
jacket,23
forced,23
pushed,23
condition,22
ow,22
pot,22
pit,22
male,22
zero,22
concentrate,22
link,22
businesses,22
payment,22
equally,22
limited,22
stopping,22
tall,22
documents,22
conscious,22
instead,22
rise,22
naughty,22
bodies,22
except,22
boundary,22
database,22
policeman,22
thin,22
buildings,22
strength,22
pleasure,22
invited,22
accommodation,22
fixed,22
expecting,22
gap,22
spring,22
uses,22
reported,22
introduction,22
bird,22
shower,22
tied,22
democracy,22
confident,22
appears,22
travel,22
tools,22
photograph,22
objective,22
heaven,22
seats,22
pensions,22
players,22
unusual,22
situations,22
maintenance,22
path,22
communist,22
measure,22
checked,22
religious,22
chairs,22
tablets,22
usual,22
recommend,22
communication,22
concept,22
thrown,22
typical,22
despite,22
regulations,21
percentage,21
sight,21
apple,21
breaking,21
loves,21
suffer,21
lords,21
politics,21
deliver,21
verse,21
marriage,21
former,21
tends,21
allowance,21
opening,21
plants,21
domestic,21
inflation,21
powers,21
slowly,21
seventh,21
coast,21
repeat,21
elements,21
previously,21
rock,21
boot,21
published,21
sweets,21
roll,21
shock,21
purposes,21
permission,21
facts,21
suit,21
critical,21
disease,21
package,21
shirt,21
nurse,21
metres,21
treated,21
familiar,21
employees,21
snow,21
tight,21
chain,21
clue,21
plaintiff,21
designed,21
text,21
chances,21
constant,21
require,21
earn,21
maintain,21
committees,21
strongly,21
lorry,21
purely,21
formal,21
ear,21
bid,21
lump,21
stands,21
contracts,21
treat,21
lift,21
plain,21
functions,21
potential,21
loved,21
boots,21
attractive,21
quote,21
goals,20
differences,20
residents,20
pudding,20
tenth,20
socks,20
description,20
nicely,20
lordship,20
discussions,20
fighting,20
backwards,20
organizations,20
scene,20
code,20
temporary,20
aunty,20
stations,20
cow,20
inner,20
recession,20
applied,20
wider,20
surface,20
ignore,20
presents,20
hungry,20
pupils,20
inch,20
charged,20
prove,20
cuts,20
clubs,20
holes,20
profits,20
tests,20
orange,20
bin,20
enable,20
graph,20
extension,20
owe,20
survive,20
washed,20
biscuit,20
disabled,20
ears,20
religion,20
invite,20
feelings,20
shout,20
minds,20
mill,20
madam,20
allocation,20
duck,20
justice,20
yards,20
drug,20
newspapers,20
replace,20
states,20
fuel,20
publicity,20
established,20
steel,20
thoughts,20
fence,20
presented,20
facing,20
diagram,20
proud,20
beer,20
diary,20
millions,20
cleared,20
formula,20
statements,20
parking,20
paint,20
films,20
rightly,20
airport,20
bottles,20
organized,20
guys,19
divide,19
affected,19
formally,19
plane,19
shares,19
bills,19
upset,19
rude,19
bastard,19
files,19
producing,19
desperate,19
opposition,19
churches,19
map,19
chemistry,19
signs,19
fashion,19
dressed,19
minimum,19
conflict,19
battery,19
mirror,19
daily,19
seeking,19
motorway,19
distribution,19
emergency,19
swimming,19
circle,19
selection,19
mixed,19
sees,19
pensioners,19
abroad,19
expert,19
subjects,19
nan,19
answered,19
twelfth,19
adults,19
wake,19
appeal,19
fear,19
efficient,19
accent,19
babies,19
intention,19
mental,19
retirement,19
taste,19
retired,19
complaints,19
swear,19
tough,19
multiply,19
involve,19
joking,19
copies,19
nuclear,19
finance,19
charity,19
fetch,19
cell,19
initially,19
source,19
walls,19
complex,19
patch,19
photographs,19
pregnant,19
served,19
exams,19
shared,19
bugger,19
arguments,19
daft,19
trading,19
crisis,19
youngsters,19
hectares,19
bible,19
birth,19
shouting,19
broad,19
store,19
instructions,19
agent,19
conservatives,19
grounds,19
curtains,19
fee,19
advise,19
discovered,19
elected,19
cancer,19
input,19
suggestions,19
hospitals,19
pint,19
kick,19
capable,19
coke,19
dance,19
volume,19
handle,19
letting,19
dwellings,19
'cos,18
objection,18
employer,18
batteries,18
discussing,18
toast,18
ego,18
chip,18
drinking,18
bowl,18
gradually,18
cheerio,18
attend,18
island,18
booked,18
beef,18
leaves,18
abuse,18
belt,18
eighth,18
beg,18
damn,18
junction,18
cabinet,18
inches,18
ringing,18
clerk,18
title,18
collection,18
shoulder,18
representatives,18
truly,18
centres,18
shortly,18
residential,18
hers,18
kettle,18
eaten,18
sets,18
citizens,18
banks,18
studies,18
highest,18
includes,18
fallen,18
compare,18
reached,18
patterns,18
handy,18
branches,18
administration,18
sore,18
merely,18
causing,18
apart,18
statutory,18
chat,18
favourite,18
partner,18
tip,18
blank,18
yourselves,18
drivers,18
statistics,18
pencil,18
vast,18
relate,18
wheel,18
drawing,18
partnership,18
tie,18
properties,18
exchange,18
expressed,18
diet,18
knife,18
worker,18
delivery,18
wooden,18
atmosphere,18
permanent,18
noble,18
educational,18
throat,18
intend,18
remembered,18
twelfths,18
operate,18
brackets,18
delighted,18
alarm,18
freedom,18
lock,18
solid,18
premises,18
wicked,18
tank,17
gorgeous,17
believed,17
placed,17
dust,17
bomb,17
influence,17
knocking,17
bell,17
generation,17
conversations,17
firstly,17
internal,17
links,17
unlikely,17
recorder,17
military,17
users,17
oven,17
improvement,17
attached,17
talks,17
jumper,17
wire,17
y'know,17
gift,17
belong,17
dare,17
boom,17
associated,17
neither,17
debt,17
beauty,17
checking,17
anyhow,17
failure,17
output,17
relations,17
cottage,17
sections,17
bored,17
brochure,17
disaster,17
whatsoever,17
flow,17
dee,17
fellow,17
somewhat,17
slight,17
beds,17
ninth,17
challenge,17
jury,17
approval,17
initiative,17
arrange,17
acting,17
judge,17
agents,17
bungalow,17
locally,17
naturally,17
taping,17
channels,17
surprise,17
disappointed,17
beans,17
rung,17
disk,17
expression,17
assurance,17
rugby,17
ward,17
nurses,17
threat,17
surgery,17
alternative,17
incident,17
boundaries,17
battle,17
departments,17
switched,17
fifties,17
implications,17
sexual,17
governments,17
villages,17
attempt,17
sample,17
dates,17
hunting,17
males,17
borough,17
bum,17
indicate,17
software,17
occur,17
arse,17
targets,17
vital,17
patient,17
meals,17
visitors,17
precisely,17
bonus,17
skill,17
cats,17
prevent,17
crown,17
chuck,16
sisters,16
narrow,16
depend,16
lunchtime,16
measures,16
height,16
aargh,16
continuous,16
secondary,16
nanny,16
landlords,16
ministers,16
owned,16
increasing,16
ordered,16
soup,16
joining,16
premium,16
appeared,16
solicitors,16
pipe,16
prize,16
entitled,16
features,16
career,16
tail,16
fiver,16
submission,16
chosen,16
responsibilities,16
materials,16
smart,16
eastern,16
occurred,16
arguing,16
hurry,16
adopted,16
illness,16
follows,16
loose,16
faced,16
stops,16
greatest,16
salad,16
named,16
resistance,16
settlements,16
automatically,16
completed,16
planned,16
medicine,16
balls,16
ends,16
stomach,16
false,16
directors,16
vegetables,16
lectures,16
wise,16
shed,16
mail,16
sandwiches,16
sits,16
define,16
regularly,16
proposing,16
shift,16
immediate,16
hearing,16
initial,16
estimate,16
fella,16
engineer,16
sticking,16
indication,16
removed,16
draft,16
bone,16
satisfied,16
fly,16
flying,16
closely,16
sleeping,16
methods,16
frankly,16
reply,16
female,16
proof,16
knee,16
sharp,16
represented,16
drove,16
nineteenth,16
preparation,16
outer,16
juice,16
bypass,16
boats,16
accurate,16
scored,16
surprising,16
adding,16
net,16
competitive,16
represents,16
forever,16
feature,16
handed,16
throwing,16
sand,16
microwave,16
leather,16
whisky,16
mood,16
poem,16
deputy,16
concerns,16
mouse,16
potato,15
values,15
manufacturing,15
flower,15
culture,15
formed,15
settle,15
appendix,15
songs,15
crowd,15
camp,15
wild,15
dining,15
powerful,15
issued,15
beach,15
print,15
pays,15
composite,15
pile,15
improved,15
confirm,15
burnt,15
fees,15
resource,15
nervous,15
fishing,15
vehicles,15
regard,15
pleasant,15
pity,15
packed,15
locked,15
cycle,15
earning,15
bang,15
accidents,15
collecting,15
leaders,15
trains,15
exception,15
nations,15
entry,15
presume,15
nation,15
travelling,15
bedrooms,15
relating,15
fantastic,15
calcium,15
bacon,15
ministry,15
oxygen,15
compensation,15
routes,15
tennis,15
object,15
official,15
drinks,15
dreadful,15
offering,15
pointed,15
leading,15
enterprise,15
ate,15
plays,15
fortune,15
lounge,15
cooker,15
touched,15
fundamental,15
beside,15
cheers,15
concrete,15
cleaned,15
electrical,15
operations,15
sandwich,15
bricks,15
intended,15
assignment,15
regions,15
rice,15
guide,15
pizza,15
guidelines,15
sha~,15
sin,15
memories,15
moral,15
approved,15
shoe,15
awake,15
restaurant,15
taxi,15
freezer,15
supporting,15
cooking,15
maximum,15
threw,15
confused,15
silver,15
jumped,15
unable,15
marked,15
cricket,15
drunk,15
platform,15
referring,15
cakes,15
leads,15
involvement,15
advert,15
wipe,15
tap,15
sectors,15
differentiate,15
arrive,15
topic,15
definite,15
guarantee,15
sixties,15
developing,15
harder,15
physics,15
nearest,15
smoking,15
treasurer,15
twentieth,15
leaflet,14
reproductive,14
least,14
listened,14
bucket,14
cleaning,14
expense,14
establish,14
careers,14
approximately,14
organize,14
mountain,14
express,14
stores,14
jam,14
feedback,14
threes,14
asks,14
summary,14
enjoying,14
appointed,14
breath,14
thirties,14
loud,14
gardens,14
ma,14
pitch,14
wool,14
colleague,14
gear,14
stronger,14
alcohol,14
consequences,14
leisure,14
prepare,14
severe,14
ladder,14
adult,14
sooner,14
ceiling,14
dish,14
defined,14
whereby,14
guns,14
unfair,14
ay,14
conferences,14
devil,14
agriculture,14
settled,14
representation,14
timber,14
engines,14
essay,14
blimey,14
appointments,14
informed,14
emphasis,14
straightforward,14
dig,14
upper,14
valuable,14
armed,14
mistakes,14
bollocks,14
mission,14
mothers,14
hide,14
pig,14
household,14
fifteenth,14
aim,14
monthly,14
offspring,14
pure,14
piano,14
equation,14
entire,14
matches,14
remove,14
proved,14
theirs,14
roundabout,14
concert,14
quarry,14
recognition,14
courts,14
seventies,14
brick,14
bars,14
counter,14
complain,14
angry,14
aggressive,14
employee,14
partners,14
voted,14
exhibition,14
extend,14
negotiations,14
blooming,14
chancellor,14
parked,14
dot,14
weak,14
objections,14
arranged,14
motions,14
blokes,14
kiss,14
wardrobe,14
fix,14
delegates,14
contributions,14
videos,14
differently,14
twos,14
directions,14
cigarettes,14
error,14
connected,14
expenses,14
passing,14
cloth,14
corridor,14
addressed,14
gain,14
solve,14
stars,14
calculator,14
communities,14
gross,14
audit,14
dollars,14
released,14
increasingly,14
invest,14
captain,14
crossed,14
fitted,14
supporters,14
display,14
stroke,14
struck,14
fractions,14
philosophy,14
dock,14
promised,14
coach,14
judgement,14
deposit,14
stages,14
hydrogen,14
encouraged,14
covers,13
persuade,13
entrance,13
crisps,13
fed,13
healthy,13
promote,13
ultimately,13
agencies,13
magazines,13
developments,13
diamond,13
payments,13
shoot,13
incredible,13
posh,13
request,13
provides,13
employ,13
soap,13
scared,13
cool,13
format,13
tour,13
remains,13
suffered,13
linked,13
rare,13
crazy,13
content,13
affairs,13
allows,13
farmer,13
proceed,13
injury,13
parliamentary,13
rely,13
oops,13
allowances,13
dying,13
industries,13
exact,13
tiles,13
applies,13
bom,13
wheels,13
carrots,13
physically,13
manner,13
assistance,13
warning,13
billion,13
teddy,13
covering,13
chose,13
och,13
experiences,13
criterion,13
de,13
announced,13
dentist,13
aids,13
skirt,13
outstanding,13
adequate,13
cells,13
painted,13
priorities,13
border,13
shillings,13
drawer,13
string,13
tower,13
cancel,13
brush,13
festival,13
mud,13
claimed,13
straw,13
lets,13
frame,13
females,13
largely,13
mixture,13
harm,13
suite,13
tradition,13
funeral,13
relationships,13
expertise,13
stones,13
eighties,13
fraction,13
classroom,13
flipping,13
cinema,13
efforts,13
duties,13
rapidly,13
murder,13
curriculum,13
sons,13
constantly,13
stall,13
excited,13
claims,13
scientific,13
penalty,13
coloured,13
collected,13
nerves,13
copper,13
prince,13
intelligent,13
menu,13
crucial,13
nowt,13
indicated,13
arising,13
racing,13
earnings,13
gather,13
enquiries,13
carers,13
historical,13
locks,13
corporate,13
arrangement,13
slate,13
sharing,13
engineers,13
registration,13
directory,13
impressed,13
mix,13
explanation,13
signal,13
dreams,13
crew,13
directive,13
burn,13
corn,13
cities,13
delivered,13
societies,13
ships,13
award,13
steam,13
loan,13
promotion,13
sensitive,13
pairs,13
receiving,13
headquarters,13
crying,13
poverty,13
painting,13
species,13
hurts,13
winning,13
lawn,13
facility,13
towns,13
contacts,13
struggle,13
easiest,13
wore,13
regarded,13
refers,13
knees,13
flexibility,13
exists,13
construction,13
democratic,13
cooked,13
reducing,13
officials,13
practically,13
bench,13
basket,13
twenties,13
pollution,13
exceptions,13
mam,13
commitments,13
ride,13
eleventh,13
operating,13
cousin,13
bless,13
jeans,13
wing,13
clarify,13
reflect,13
budgets,13
lend,13
plates,13
redundancy,13
flight,12
expansion,12
filling,12
jolly,12
valid,12
catalogue,12
kicked,12
consultants,12
pressures,12
personnel,12
secure,12
goodbye,12
seminar,12
stays,12
bones,12
ambulance,12
granny,12
dancing,12
gates,12
alter,12
examination,12
magistrates,12
rabbit,12
swap,12
choir,12
bleeding,12
returned,12
evolution,12
faster,12
consistent,12
heck,12
certificate,12
universities,12
saving,12
wording,12
assets,12
specialist,12
worn,12
persons,12
landscape,12
amendments,12
automatic,12
weekends,12
rose,12
rotten,12
bitch,12
disagree,12
personality,12
specially,12
recommended,12
discount,12
manual,12
criticism,12
museum,12
characters,12
sources,12
sink,12
fail,12
suffering,12
transfer,12
outcome,12
soul,12
cheeky,12
quietly,12
hay,12
cups,12
regarding,12
meaning,12
candidate,12
grants,12
allocated,12
constitution,12
search,12
controlled,12
neighbourhood,12
cry,12
ducks,12
seconder,12
pursue,12
landlord,12
raining,12
muscle,12
trustees,12
victory,12
moderator,12
spelling,12
approached,12
behave,12
riding,12
refused,12
entertainment,12
flu,12
glory,12
promise,12
sums,12
nonsense,12
depressed,12
cigarette,12
welfare,12
mechanism,12
convinced,12
blocks,12
column,12
woke,12
primarily,12
deliberately,12
useless,12
complaint,12
worrying,12
scope,12
stamps,12
grew,12
assuming,12
testing,12
joy,12
lighting,12
aside,12
forgive,12
printer,12
processes,12
railways,12
cattle,12
existence,12
whichever,12
significantly,12
theme,12
mid,12
toys,12
anxiety,12
thoroughly,12
shorter,12
overtime,12
architecture,12
extraordinary,12
creating,12
estimates,12
interviews,12
messing,12
lately,12
boards,12
auditors,12
grammar,12
heading,12
abbey,12
falls,12
owner,12
workforce,12
suggests,12
photo,12
democrats,12
costing,12
principles,12
pretend,12
machinery,12
spoon,12
attendance,12
unfortunate,12
hardware,12
sauce,12
overnight,12
carbonate,12
freezing,12
finds,12
consumer,12
correctly,12
potentially,12
learned,12
transferred,12
tube,12
trainers,12
granted,12
slept,12
incidentally,12
studying,11
owners,11
gloves,11
blowing,11
booklet,11
midnight,11
perform,11
argued,11
worthwhile,11
techniques,11
grade,11
mass,11
improvements,11
wasting,11
politicians,11
laying,11
soldiers,11
shoulders,11
processing,11
bearings,11
whoops,11
beings,11
reminds,11
annoying,11
periods,11
advantages,11
steady,11
causes,11
urgent,11
cleaner,11
pace,11
picks,11
pad,11
votes,11
rings,11
golden,11
boiler,11
largest,11
factories,11
relatives,11
sounded,11
disappeared,11
realistic,11
combination,11
expectations,11
demands,11
tongue,11
phoning,11
integrate,11
lamb,11
trolley,11
amounts,11
attended,11
odds,11
institutions,11
representative,11
emotional,11
psychology,11
tune,11
envelope,11
tens,11
admitted,11
increases,11
genuine,11
schedule,11
anniversary,11
highway,11
reception,11
ratio,11
slide,11
hook,11
troops,11
remarks,11
everyday,11
forecast,11
stewards,11
contribute,11
institute,11
witness,11
jumping,11
encouraging,11
raw,11
perception,11
thingy,11
external,11
wished,11
depth,11
justify,11
tins,11
studio,11
anxious,11
closure,11
eighteenth,11
tunnel,11
creation,11
feeding,11
acceleration,11
moves,11
literature,11
leadership,11
mister,11
interpretation,11
kit,11
reductions,11
considerably,11
framework,11
lorries,11
fog,11
corporation,11
stamp,11
believes,11
boyfriend,11
nails,11
scenario,11
kingdom,11
allowing,11
constable,11
dole,11
rub,11
ugh,11
react,11
log,11
attitudes,11
fans,11
winner,11
neighbour,11
na,11
avenue,11
assure,11
gang,11
ugly,11
phase,11
surplus,11
miners,11
threatened,11
productivity,11
generous,11
dun~,11
tone,11
shelf,11
dishes,11
printed,11
restrictions,11
umm,11
loo,11
grief,11
determine,11
palace,11
cotton,11
frequently,11
maintained,11
vision,11
petition,11
efficiency,11
aunt,11
muscles,11
fits,11
shell,11
shadow,11
tested,11
core,11
fours,11
lemon,11
junior,11
embarrassed,11
terrific,11
violent,11
user,11
tidy,11
stated,11
spaces,11
chamber,11
rope,11
quiz,11
trick,11
weapons,11
walks,11
faces,11
delay,11
supper,11
genes,11
unique,11
tries,11
posts,11
valley,11
pits,11
burning,11
retain,11
navy,11
peculiar,11
belief,11
spreadsheet,11
representing,11
worship,11
involves,11
presence,11
nah,11
advised,11
select,11
questionnaire,11
rolls,11
guard,11
volunteers,11
preference,11
dramatic,11
receipt,11
replaced,11
pipes,11
walkman,11
confusion,11
markets,11
premiums,11
technique,11
fourteenth,11
mornings,11
brigade,11
deny,11
pints,11
privatization,11
taped,11
preparing,11
apples,11
discipline,11
hitting,11
ownership,11
evaluation,11
tanks,11
purple,11
complaining,11
fortunate,11
drama,11
passage,11
extreme,11
builders,11
squeeze,11
begins,11
boxing,11
carpets,11
requires,11
assess,11
wars,11
cloud,11
tyres,11
superb,11
concentration,10
pensioner,10
owt,10
servants,10
harvest,10
appraisal,10
bay,10
fraud,10
carriage,10
pray,10
grab,10
correlation,10
nuts,10
assist,10
cheapest,10
farms,10
logical,10
taxes,10
fortunately,10
connection,10
strict,10
peas,10
drawings,10
depression,10
tendency,10
behalf,10
heavily,10
cancelled,10
measured,10
buttons,10
honey,10
landed,10
amazed,10
redundant,10
thirds,10
categories,10
burden,10
continued,10
seed,10
recycling,10
relates,10
nursing,10
adopt,10
defend,10
lid,10
spelt,10
directed,10
salvation,10
tutor,10
recognized,10
lies,10
actions,10
alteration,10
limits,10
replacement,10
singer,10
accused,10
grace,10
sympathy,10
retire,10
criminal,10
ham,10
autumn,10
drew,10
driven,10
storage,10
rush,10
dependent,10
spider,10
expand,10
concentrating,10
offence,10
speaks,10
advertised,10
powder,10
flexible,10
closing,10
investigation,10
crossing,10
yum,10
contained,10
secret,10
lamp,10
blown,10
guild,10
dispute,10
banana,10
voucher,10
sizes,10
commit,10
forwards,10
considering,10
editor,10
nationally,10
sixpence,10
victim,10
demonstrate,10
fives,10
cheek,10
kicking,10
desire,10
quoted,10
embarrassing,10
raising,10
gravy,10
pond,10
assumption,10
defendant,10
clothing,10
cows,10
independence,10
sometime,10
pump,10
extended,10
apologies,10
reputation,10
nineties,10
structural,10
chapel,10
pet,10
affecting,10
painful,10
entered,10
fan,10
visual,10
visits,10
miserable,10
reserves,10
sorting,10
constituency,10
weekly,10
prayer,10
counting,10
comma,10
pressed,10
taxation,10
novel,10
accounting,10
collar,10
plug,10
muck,10
disability,10
traditionally,10
absence,10
consultant,10
lazy,10
deserve,10
noted,10
assumed,10
tended,10
comprehensive,10
noisy,10
federal,10
delays,10
moments,10
associations,10
supermarket,10
affects,10
federation,10
provisions,10
purchase,10
curve,10
killing,10
spiritual,10
continuing,10
recovery,10
consequence,10
buyer,10
discover,10
script,10
accommodate,10
tackle,10
determined,10
climate,10
messages,10
constraints,10
gifts,10
quantity,10
dioxide,10
soil,10
locations,10
considerations,10
castle,10
lists,10
illegal,10
pointing,10
girlfriend,10
achievement,10
wishes,10
guests,10
involving,10
tray,10
deals,10
artist,10
convenient,10
trend,10
hoped,10
altered,10
tent,10
arrested,10
arise,10
blocked,10
explaining,10
wives,10
pupil,10
agreements,10
applying,10
victims,10
geography,10
practices,10
grandfather,10
occupation,10
confirmed,10
dramatically,10
pan,10
submitted,10
cast,10
fired,10
lowest,10
oak,10
toes,10
detective,10
damp,10
breast,10
destroyed,10
