{
  "acting": "performing arts",
  "action movies": "forms of entertainment",
  "air travel": "forms of transportation",
  "art galleries": "locations",
  "art museums": "locations",
  "astronomy": "subjects",
  "baking": "hobbies",
  "ballet": "performance art",
  "barbecuing": "pastimes",
  "baseball": "pastimes",
  "basketball": "sports",
  "bicycling": "pastimes",
  "bird watching": "pastimes",
  "blogging": "hobbies",
  "bmx": "sports",
  "boating": "pastimes",
  "bowling": "pastimes",
  "breakfast cereal": "types of food",
  "building model airplanes": "hobbies",
  "bungee jumping": "hobbies",
  "burgers": "types of food",
  "calligraphy": "hobbies",
  "camping": "pastimes",
  "candle making": "hobbies",
  "canoeing": "pastimes",
  "cars": "vehicles",
  "cats": "animals",
  "chess": "pastimes",
  "chocolate": "types of food",
  "cinematography": "forms of entertainment",
  "classical music": "music",
  "coffee": "beverages",
  "collecting coins": "hobbies",
  "collecting stamps": "hobbies",
  "comedy movies": "forms of entertainment",
  "comic books": "forms of entertainment",
  "computers": "technology",
  "concerts": "forms of entertainment",
  "cooking": "hobbies",
  "country music": "forms of entertainment",
  "crafts": "hobbies",
  "crocheting": "hobbies",
  "crosswords": "pastimes",
  "cruises": "travel",
  "cycling": "pastimes",
  "dancing": "hobbies",
  "deep sea fishing": "pastimes",
  "dogs": "animals",
  "drawing": "hobbies",
  "driving": "activities",
  "eating ice cream": "types of food",
  "eating out": "activities",
  "embroidery": "hobbies",
  "exploring nature": "pastimes",
  "fashion design": "creative activities",
  "fast food": "types of food",
  "fishing": "pastimes",
  "fitness": "activities",
  "fly fishing": "pastimes",
  "flying": "forms of transportation",
  "flying a kite": "pastimes",
  "football": "sports",
  "gardening": "pastimes",
  "glass blowing": "crafts",
  "going camping": "pastimes",
  "going kayaking": "pastimes",
  "going on a ferris wheel ride": "activities",
  "going on a hot air balloon ride": "pastimes",
  "going on a plane ride": "forms of transportation",
  "going on a road trip": "pastimes",
  "going on a roller coaster ride": "pastimes",
  "going on road trips": "pastimes",
  "going skiing": "pastimes",
  "going snowboarding": "pastimes",
  "going to a blues club": "forms of entertainment",
  "going to a boardwalk": "locations",
  "going to a boat trip": "pastimes",
  "going to a botanical garden": "locations",
  "going to a bowling alley": "activities",
  "going to a car show": "pastimes",
  "going to a carnival": "forms of entertainment",
  "going to a circus": "forms of entertainment",
  "going to a comedy club": "forms of entertainment",
  "going to a county fair": "events",
  "going to a dance club": "forms of entertainment",
  "going to a drive-in festival": "forms of entertainment",
  "going to a drive-in movie": "forms of entertainment",
  "going to a drive-in movie theater": "forms of entertainment",
  "going to a drive-in museum": "activities",
  "going to a drive-in restaurant": "activities",
  "going to a drive-in theater": "forms of entertainment",
  "going to a drive-through": "activities",
  "going to a fair": "forms of entertainment",
  "going to a farm": "activities",
  "going to a farmer's market": "locations",
  "going to a food festival": "events",
  "going to a go-kart track": "pastimes",
  "going to a golf course": "locations",
  "going to a haunted house": "forms of entertainment",
  "going to a hot air balloon show": "forms of entertainment",
  "going to a jazz club": "forms of entertainment",
  "going to a karaoke bar": "forms of entertainment",
  "going to a laser tag arena": "forms of entertainment",
  "going to a magic show": "forms of entertainment",
  "going to a miniature golf course": "pastimes",
  "going to a movie convention": "forms of entertainment",
  "going to a movie festival": "forms of entertainment",
  "going to a movie theater": "forms of entertainment",
  "going to a museum": "activities",
  "going to a music festival": "forms of entertainment",
  "going to a parade": "events",
  "going to a petting zoo": "locations",
  "going to a planetarium": "pastimes",
  "going to a pool hall": "pastimes",
  "going to a race track": "pastimes",
  "going to a renaissance fair": "pastimes",
  "going to a rock climbing gym": "pastimes",
  "going to a rock club": "forms of entertainment",
  "going to a rodeo": "pastimes",
  "going to a roller derby": "forms of entertainment",
  "going to a science center": "locations",
  "going to a spa": "forms of relaxation",
  "going to a sports bar": "activities",
  "going to a talent show": "forms of entertainment",
  "going to a theater": "forms of entertainment",
  "going to a theme park": "forms of entertainment",
  "going to a trampoline park": "recreation",
  "going to a trivia night": "pastimes",
  "going to a water park": "activities",
  "going to a water ski show": "forms of entertainment",
  "going to an adventure park": "pastimes",
  "going to an archery range": "pastimes",
  "going to an art gallery": "activities",
  "going to an art show": "pastimes",
  "going to an escape room": "forms of entertainment",
  "going to flea markets": "locations",
  "going to the aquarium": "activities",
  "going to the beach": "activities",
  "going to the carnival": "forms of entertainment",
  "going to the circus": "forms of entertainment",
  "going to the desert": "activities",
  "going to the drive-in": "forms of entertainment",
  "going to the fair": "forms of entertainment",
  "going to the farmer's market": "locations",
  "going to the gym": "pastimes",
  "going to the jungle": "recreation",
  "going to the lake": "activities",
  "going to the library": "activities",
  "going to the mountains": "locations",
  "going to the movies": "forms of entertainment",
  "going to the museum": "activities",
  "going to the opera": "forms of entertainment",
  "going to the park": "pastimes",
  "going to the river": "activities",
  "going to the theater": "forms of entertainment",
  "going to the theatre": "forms of entertainment",
  "going to the zoo": "activities",
  "golf": "pastimes",
  "golfing": "pastimes",
  "graphic design": "hobbies",
  "hiking": "pastimes",
  "home brewing": "hobbies",
  "home decor": "shopping",
  "horror movies": "forms of entertainment",
  "horseback riding": "pastimes",
  "hot air ballooning": "hobbies",
  "hot yoga": "hobbies",
  "hunting": "pastimes",
  "ice cream": "types of food",
  "ice skating": "hobbies",
  "improv": "hobbies",
  "indoor skydiving": "hobbies",
  "interior design": "hobbies",
  "investing": "concepts",
  "jazz": "music",
  "jazz clubs": "forms of entertainment",
  "jet skiing": "pastimes",
  "jewelry making": "hobbies",
  "juggling": "hobbies",
  "karaoke": "pastimes",
  "karaoke bars": "forms of entertainment",
  "karaoke nights": "forms of entertainment",
  "kayaking": "pastimes",
  "kite surfing": "pastimes",
  "knitting": "hobbies",
  "landscape design": "hobbies",
  "laser tag": "forms of entertainment",
  "late nights at the ocean": "activities",
  "leatherworking": "hobbies",
  "luxury travel": "concepts",
  "magic": "forms of entertainment",
  "makeup": "beauty",
  "making art": "hobbies",
  "making homemade crafts": "hobbies",
  "meditation": "pastimes",
  "mime": "hobbies",
  "motorcycles": "vehicles",
  "motorcycling": "pastimes",
  "mountain biking": "pastimes",
  "music festivals": "forms of entertainment",
  "netflix": "forms of entertainment",
  "online gaming": "pastimes",
  "online shopping": "activities",
  "opera": "forms of entertainment",
  "origami": "pastimes",
  "paintball": "pastimes",
  "painting": "hobbies",
  "painting pottery": "hobbies",
  "paper mache": "crafts",
  "parasailing": "hobbies",
  "photography": "pastimes",
  "pickleball": "pastimes",
  "picnics": "pastimes",
  "playing bingo": "pastimes",
  "playing board games": "hobbies",
  "playing cards": "pastimes",
  "playing checkers": "pastimes",
  "playing guitar": "hobbies",
  "playing laser tag": "pastimes",
  "playing mini golf": "pastimes",
  "playing tennis": "pastimes",
  "playing the clarinet": "hobbies",
  "playing the drums": "hobbies",
  "playing the flute": "hobbies",
  "playing the piano": "hobbies",
  "playing the saxophone": "hobbies",
  "playing the trumpet": "hobbies",
  "playing the violin": "hobbies",
  "playing video games": "pastimes",
  "podcasts": "forms of entertainment",
  "poetry": "pastimes",
  "pottery": "hobbies",
  "power boating": "pastimes",
  "public speaking": "hobbies",
  "puzzles": "pastimes",
  "quilting": "hobbies",
  "rafting": "pastimes",
  "rappelling": "hobbies",
  "rapping": "hobbies",
  "raves": "forms of entertainment",
  "reading": "pastimes",
  "reality tv": "forms of entertainment",
  "renewable energy": "concepts",
  "riding the bus": "forms of transportation",
  "riding trains": "forms of transportation",
  "rock climbing": "pastimes",
  "rock collecting": "pastimes",
  "roller coasters": "forms of entertainment",
  "rollerblading": "pastimes",
  "running": "pastimes",
  "sailing": "pastimes",
  "scuba diving": "pastimes",
  "sculpting": "hobbies",
  "sculpture": "art",
  "seeing a play": "forms of entertainment",
  "sewing": "hobbies",
  "shopping": "pastimes",
  "shopping for antiques": "pastimes",
  "shopping malls": "locations",
  "singing": "hobbies",
  "singing karaoke": "hobbies",
  "skateboarding": "pastimes",
  "skiing": "pastimes",
  "skydiving": "Pastimes",
  "smoothies": "drinks",
  "snorkeling": "pastimes",
  "snowboarding": "pastimes",
  "snowmobiling": "pastimes",
  "snowshoeing": "pastimes",
  "soap making": "hobbies",
  "soccer": "pastimes",
  "social media": "forms of entertainment",
  "spear fishing": "pastimes",
  "spear-fishing": "pastimes",
  "spearfishing": "pastimes",
  "spelunking": "pastimes",
  "stand-up comedy": "forms of entertainment",
  "stand-up paddle boarding": "pastimes",
  "stargazing": "pastimes",
  "street art": "art form",
  "streetwear": "types of fashion",
  "surfing": "pastimes",
  "sushi": "types of food",
  "swimming": "pastimes",
  "tacos": "types of food",
  "taking a hot air balloon ride": "pastimes",
  "taking a road trip": "pastimes",
  "taking walks": "pastimes",
  "tattooing": "hobbies",
  "tattoos": "types of fashion",
  "tea": "beverages",
  "technology": "subjects",
  "tennis": "pastimes",
  "thrift shopping": "pastimes",
  "thrift stores": "locations",
  "trampolines": "hobbies",
  "trapeze": "hobbies",
  "traveling": "concepts",
  "trying new restaurants": "pastimes",
  "urban exploring": "activities",
  "vegan food": "types of food",
  "vegan restaurants": "types of food",
  "veganism": "lifestyle",
  "video editing": "pastimes",
  "video games": "forms of entertainment",
  "video streaming": "forms of entertainment",
  "virtual reality": "technology",
  "volunteering": "pastimes",
  "wake": "pastimes",
  "wake surfing": "pastimes",
  "wakeboarding": "pastimes",
  "walking in the rain": "pastimes",
  "watching documentaries": "forms of entertainment",
  "watching fireworks": "forms of entertainment",
  "watching sports": "forms of entertainment",
  "watching sunsets": "pastimes",
  "water skiing": "pastimes",
  "waterparks": "locations",
  "white water rafting": "pastimes",
  "windsurfing": "pastimes",
  "woodworking": "hobbies",
  "writing": "pastimes",
  "yoga": "pastimes",
  "yoga retreats": "vacations",
  "zip lining": "pastimes",
  "zumba": "pastimes"
}